Unnamed: 0,parola,sillabe
,gradino,gra-di-no
,asiatico,a-sia-ti-co
,schietto,schiet-to
,scorpione,scor-pio-ne
,capotavola,ca-po-ta-vo-la
,numeroso,nu-me-ro-so
,spacciare,spac-cia-re
,leggermente,leg-ger-men-te
,tifare,ti-fa-re
,momento,mo-men-to
,ribelle,ri-bel-le
,recare,re-ca-re
,visibile,vi-si-bi-le
,curiosità,cu-rio-si-ta
,melo,me-lo
,lamentela,la-men-te-la
,ape,a-pe
,pisolino,pi-so-li-no
,multipresa,mul-ti-pre-sa
,esplosivo,e-splo-si-vo
,asta,a-sta
,combaciare,com-ba-cia-re
,pianta,pian-ta
,svanire,sva-ni-re
,veterinario,ve-te-ri-na-rio
,tovaglietta,to-va-gliet-ta
,mutazione,mu-ta-zio-ne
,vento,ven-to
,psicologia,p-si-co-lo-gia
,spento,spen-to
,carcerato,car-ce-ra-to
,destro,de-stro
,ananas,a-na-nas
,diversamente,di-ver-sa-men-te
,subire,su-bi-re
,insomma,in-som-ma
,decisamente,de-ci-sa-men-te
,acuto,a-cu-to
,croce,cro-ce
,crescere,cre-sce-re
,arrendersi,ar-ren-der-si
,divertito,di-ver-ti-to
,generico,ge-ne-ri-co
,brutale,bru-ta-le
,francamente,fran-ca-men-te
,impressione,im-pres-sio-ne
,mille,mil-le
,spionaggio,spio-nag-gio
,trasmettere,tras-met-te-re
,studio,stu-dio
,principale,prin-ci-pa-le
,vendita,ven-di-ta
,dove,do-ve
,certamente,cer-ta-men-te
,infinito,in-fi-ni-to
,puttana,put-ta-na
,descrizione,de-scri-zio-ne
,fissare,fis-sa-re
,fregare,fre-ga-re
,partorire,par-to-ri-re
,uccidere,uc-ci-de-re
,difensore,di-fen-so-re
,adattare,a-dat-ta-re
,privo,pri-vo
,biglia,bi-glia
,autobus,au-to-bus
,lusso,lus-so
,cimitero,ci-mi-te-ro
,abbeverare,ab-be-ve-ra-re
,fava,fa-va
,battito,bat-ti-to
,tradimento,tra-di-men-to
,cornacchia,cor-nac-chia
,sempre,sem-pre
,ammanettare,am-ma-net-ta-re
,travasare,tra-va-sa-re
,sordo,sor-do
,scandalizzare,scan-da-liz-za-re
,aprire,a-pri-re
,portabagagli,por-ta-ba-ga-gli
,approfondimento,ap-pro-fon-di-men-to
,relativo,re-la-ti-vo
,precisare,pre-ci-sa-re
,dirigere,di-ri-ge-re
,trattativa,trat-ta-ti-va
,fornello,for-nel-lo
,spettare,spet-ta-re
,papero,pa-pe-ro
,sopravvivere,so-prav-vi-ve-re
,bocca,boc-ca
,spam,spam
,comportare,com-por-ta-re
,mungere,mun-ge-re
,accostare,ac-co-sta-re
,dito,di-to
,ammissione,am-mis-sio-ne
,ufficio,uf-fi-cio
,corazza,co-raz-za
,origine,o-ri-gi-ne
,entusiasmo,en-tu-sia-smo
,preoccupare,pre-oc-cu-pa-re
,facile,fa-ci-le
,ostinato,o-sti-na-to
,responsabilità,re-spon-sa-bi-li-ta
,spalla,spal-la
,preliminare,pre-li-mi-na-re
,convenzione,co-n-ven-zio-ne
,largo,lar-go
,storia,sto-ria
,mortale,mor-ta-le
,convulsione,co-n-vul-sio-ne
,sciocco,scioc-co
,levare,le-va-re
,professione,pro-fes-sio-ne
,infine,in-fi-ne
,chiacchierare,chiac-chie-ra-re
,presidente,pre-si-den-te
,ignorante,i-gno-ran-te
,lunghezza,lun-ghez-za
,patata,pa-ta-ta
,letteratura,let-te-ra-tu-ra
,interrogatorio,in-ter-ro-ga-to-rio
,scarabocchio,sca-ra-boc-chio
,rossore,ros-so-re
,indiano,in-dia-no
,regno,re-gno
,vongola,von-go-la
,numerare,nu-me-ra-re
,rotto,rot-to
,foulard,fo-u-lard
,illegale,il-le-ga-le
,stampella,stam-pel-la
,gestore,ge-sto-re
,pipistrello,pi-pi-strel-lo
,coprire,co-pri-re
,sufficiente,suf-fi-cien-te
,panno,pan-no
,palloncino,pal-lon-ci-no
,occhiello,oc-chiel-lo
,ricambio,ri-cam-bio
,elettromagnetico,e-let-tro-ma-gne-ti-co
,scirocco,sci-roc-co
,opportunità,op-por-tu-ni-ta
,equino,e-qui-no
,delegazione,de-le-ga-zio-ne
,carino,ca-ri-no
,unguento,un-guen-to
,stuzzicare,stuz-zi-ca-re
,distruggere,dis-trug-ge-re
,algerino,al-ge-ri-no
,olio,o-lio
,organizzare,or-ga-niz-za-re
,badare,ba-da-re
,spiritoso,spi-ri-to-so
,affrontare,af-fron-ta-re
,ciclista,ci-cli-sta
,migliorare,mi-glio-ra-re
,rafforzare,raf-for-za-re
,fiorito,fio-ri-to
,giuridico,giu-ri-di-co
,monologo,mo-no-lo-go
,sberla,sber-la
,etto,et-to
,galleggiare,gal-leg-gia-re
,bagnato,ba-gna-to
,automaticamente,au-to-ma-ti-ca-men-te
,profondità,pro-fon-di-ta
,scritto,scrit-to
,terribile,ter-ri-bi-le
,ingoiare,in-go-ia-re
,praticare,pra-ti-ca-re
,sottrarre,sot-trar-re
,inglese,in-gle-se
,mensile,men-si-le
,tardo,tar-do
,intraprendere,in-tra-pren-de-re
,istituzione,i-sti-tu-zio-ne
,coraggioso,co-rag-gio-so
,toscano,to-sca-no
,dentro,den-tro
,aglio,a-glio
,connettere,con-net-te-re
,comfort,co-m-fort
,ragionevole,ra-gio-ne-vo-le
,reciproco,re-ci-pro-co
,elencare,e-len-ca-re
,accelerare,ac-ce-le-ra-re
,ebraico,e-brai-co
,sintesi,sin-te-si
,tetto,tet-to
,leone,le-o-ne
,nocivo,no-ci-vo
,ispirare,i-spi-ra-re
,uovo,uo-vo
,pausa,pau-sa
,pidocchio,pi-doc-chio
,panchina,pan-chi-na
,costruire,co-stru-i-re
,surgelato,sur-ge-la-to
,utenza,u-ten-za
,allegro,al-le-gro
,aiuto,a-iu-to
,raffinato,raf-fi-na-to
,dignità,di-gni-ta
,collasso,col-las-so
,risplendere,ri-splen-de-re
,copertura,co-per-tu-ra
,giovanile,gio-va-ni-le
,panetteria,pa-net-te-ria
,bottegaio,bot-te-ga-io
,asciugare,a-sciu-ga-re
,diseredare,dis-e-re-da-re
,quando,quan-do
,servo,ser-vo
,innovazione,in-no-va-zio-ne
,colpevole,col-pe-vo-le
,pub,pub
,ingenuo,in-ge-nuo
,recluta,re-clu-ta
,mollare,mol-la-re
,talmente,tal-men-te
,sorso,sor-so
,campanella,cam-pa-nel-la
,cellula,cel-lu-la
,dolciume,dol-ciu-me
,deciso,de-ci-so
,biologico,bio-lo-gi-co
,dispositivo,dis-po-si-ti-vo
,tavola,ta-vo-la
,abilità,a-bi-li-ta
,sporcizia,spor-ci-zia
,addormentarsi,ad-dor-men-tar-si
,timido,ti-mi-do
,spettro,spet-tro
,geografico,ge-og-ra-fi-co
,virgola,vir-go-la
,domestico,do-me-sti-co
,controllare,con-trol-la-re
,stampo,stam-po
,piombo,piom-bo
,ventaglio,ven-ta-glio
,calciare,cal-cia-re
,giocattolo,gio-cat-to-lo
,filetto,fi-let-to
,toccare,toc-ca-re
,dea,de-a
,seggiolino,seg-gio-li-no
,naturale,na-tu-ra-le
,shorts,shor-ts
,spedire,spe-di-re
,agio,a-gio
,coriandolo,co-rian-do-lo
,rimuovere,ri-muo-ve-re
,registrazione,re-gi-stra-zio-ne
,allarmare,al-lar-ma-re
,gita,gi-ta
,esporre,e-spor-re
,scrittura,scrit-tu-ra
,invernale,in-ver-na-le
,superficiale,su-per-fi-cia-le
,particella,par-ti-cel-la
,cannuccia,can-nuc-cia
,appiccicare,ap-pic-ci-ca-re
,trincea,trin-ce-a
,dispettoso,dis-pet-to-so
,canaglia,ca-na-glia
,materasso,ma-te-ras-so
,rifinire,ri-fi-ni-re
,indizio,in-di-zio
,carbone,car-bo-ne
,donna,don-na
,origano,o-ri-ga-no
,goloso,go-lo-so
,generoso,ge-ne-ro-so
,udinese,u-di-ne-se
,piede,pie-de
,tagliato,ta-glia-to
,asparago,a-spa-ra-go
,corazzata,co-raz-za-ta
,specificare,spe-ci-fi-ca-re
,udire,u-di-re
,sottile,sot-ti-le
,soddisfazione,sod-dis-fa-zio-ne
,errare,er-ra-re
,civile,ci-vi-le
,sedia,se-dia
,indipendentemente,in-di-pen-den-te-men-te
,rosato,ro-sa-to
,convenire,co-n-ve-ni-re
,fiuto,fiu-to
,busto,bu-sto
,dedicare,de-di-ca-re
,armadio,ar-ma-dio
,famoso,fa-mo-so
,esca,e-sca
,intimidire,in-ti-mi-di-re
,vincere,vin-ce-re
,leggere,leg-ge-re
,abbigliamento,ab-bi-glia-men-to
,impedire,im-pe-di-re
,party,par-ty
,deforme,de-for-me
,scaricare,sca-ri-ca-re
,scienziato,scien-zia-to
,attrezzare,at-trez-za-re
,fumo,fu-mo
,tale,ta-le
,buttare,but-ta-re
,grafico,gra-fi-co
,pietà,pie-ta
,marzo,mar-zo
,zia,zi-a
,vano,va-no
,interno,in-ter-no
,annebbiare,an-neb-bia-re
,intero,in-te-ro
,trascrizione,tras-cri-zio-ne
,rispettare,ri-spet-ta-re
,massa,mas-sa
,susseguirsi,sus-se-guir-si
,accoltellare,ac-col-tel-la-re
,fianco,fian-co
,contenuto,con-te-nu-to
,rampicante,ram-pi-can-te
,principalmente,prin-ci-pal-men-te
,cileno,ci-le-no
,somma,som-ma
,ronzare,ron-za-re
,metalmeccanico,me-tal-mec-ca-ni-co
,lapis,la-pis
,star,star
,tappeto,tap-pe-to
,saluto,sa-lu-to
,facilmente,fa-cil-men-te
,discarica,dis-ca-ri-ca
,coltivare,col-ti-va-re
,intenzione,in-ten-zio-ne
,molecola,mo-le-co-la
,trend,trend
,siccome,sic-co-me
,cotone,co-to-ne
,grido,gri-do
,accademia,ac-ca-de-mia
,menu,me-nu
,concedere,con-ce-de-re
,peperoncino,pe-pe-ron-ci-no
,privacy,pri-va-cy
,ironico,i-ro-ni-co
,rubrica,ru-bri-ca
,apparato,ap-pa-ra-to
,ndrangheta,n-dran-ghe-ta
,pioggia,piog-gia
,inchiodare,in-chio-da-re
,arachide,a-ra-chi-de
,chinotto,chi-not-to
,colonna,co-lon-na
,rinoceronte,ri-no-ce-ron-te
,scudetto,scu-det-to
,adesso,a-des-so
,ciliegia,ci-lie-gia
,portata,por-ta-ta
,peccatore,pec-ca-to-re
,probabilità,pro-ba-bi-li-ta
,pattinaggio,pat-ti-nag-gio
,caldo,cal-do
,sfondo,sfon-do
,tarantella,ta-ran-tel-la
,rammendo,ram-men-do
,rischio,ri-schio
,senso,sen-so
,filosofico,fi-lo-so-fi-co
,ospizio,o-spi-zio
,passato,pas-sa-to
,egiziano,e-gi-zia-no
,assomigliare,as-so-mi-glia-re
,delegato,de-le-ga-to
,figurina,fi-gu-ri-na
,risalire,ri-sa-li-re
,scientifico,scien-ti-fi-co
,scricchiolare,scric-chio-la-re
,mah,mah
,conferma,con-fer-ma
,sintetizzare,sin-te-tiz-za-re
,successivamente,suc-ces-si-va-men-te
,acciacco,ac-ciac-co
,usato,u-sa-to
,cambio,cam-bio
,rimproverare,rim-pro-ve-ra-re
,netto,net-to
,ribattere,ri-bat-te-re
,commentare,com-men-ta-re
,fattura,fat-tu-ra
,cambiamento,cam-bia-men-to
,altrui,al-trui
,ubriaco,u-bria-co
,sfiducia,sfi-du-cia
,evidente,e-vi-den-te
,riscuotere,ri-scuo-te-re
,cui,cui
,inevitabile,i-ne-vi-ta-bi-le
,legume,le-gu-me
,spavaldo,spa-val-do
,rimanenza,ri-ma-nen-za
,pulizia,pu-li-zia
,corpo,cor-po
,illudere,il-lu-de-re
,dintorno,din-tor-no
,pittore,pit-to-re
,microfono,mi-cro-fo-no
,bollito,bol-li-to
,pochino,po-chi-no
,accidente,ac-ci-den-te
,amato,a-ma-to
,museo,mu-se-o
,direttore,di-ret-to-re
,rana,ra-na
,condurre,con-dur-re
,assalire,as-sa-li-re
,rione,rio-ne
,logico,lo-gi-co
,batterio,bat-te-rio
,convocare,co-n-vo-ca-re
,covare,co-va-re
,illecito,il-le-ci-to
,abete,a-be-te
,roulotte,ro-u-lot-te
,tenero,te-ne-ro
,baby,ba-by
,disegno,dis-e-gno
,dolersi,do-ler-si
,frammento,fram-men-to
,siringa,si-rin-ga
,scandire,scan-di-re
,dispari,dis-pa-ri
,friulano,friu-la-no
,scambiare,scam-bia-re
,strofinaccio,stro-fi-nac-cio
,wurstel,wur-stel
,sospendere,so-spen-de-re
,vellutato,vel-lu-ta-to
,bagno,ba-gno
,sondaggio,son-dag-gio
,opera,o-pe-ra
,quantitativo,quan-ti-ta-ti-vo
,collera,col-le-ra
,fornitore,for-ni-to-re
,quadrifoglio,qua-dri-fo-glio
,pedalare,pe-da-la-re
,burocrazia,bu-ro-cra-zia
,dicembre,di-cem-bre
,rassicurare,ras-si-cu-ra-re
,probabile,pro-ba-bi-le
,rullo,rul-lo
,turno,tur-no
,spazzino,spaz-zi-no
,design,de-si-gn
,cocomero,co-co-me-ro
,accettare,ac-cet-ta-re
,amicizia,a-mi-ci-zia
,stinco,stin-co
,salvadanaio,sal-va-da-na-io
,vietare,vie-ta-re
,giustificare,giu-sti-fi-ca-re
,TG,tg
,imbattersi,im-bat-ter-si
,incapace,in-ca-pa-ce
,eccitare,ec-ci-ta-re
,coperto,co-per-to
,numero,nu-me-ro
,assistenza,as-si-sten-za
,copyright,co-p-y-ri-g-ht
,articolazione,ar-ti-co-la-zio-ne
,costituzione,co-sti-tu-zio-ne
,grattare,grat-ta-re
,profondamente,pro-fon-da-men-te
,dinamica,di-na-mi-ca
,mostarda,mo-star-da
,polmone,pol-mo-ne
,esigere,e-si-ge-re
,isolare,i-so-la-re
,immaginare,im-ma-gi-na-re
,sale,sa-le
,modella,mo-del-la
,lessema,les-se-ma
,stretto,stret-to
,catechismo,ca-te-chi-smo
,posare,po-sa-re
,eccetera,ec-ce-te-ra
,occhio,oc-chio
,nodo,no-do
,proteina,pro-tei-na
,sconosciuto,sco-no-sciu-to
,stufa,stu-fa
,legale,le-ga-le
,merceria,mer-ce-ria
,larghezza,lar-ghez-za
,fiducioso,fi-du-cio-so
,aspirapolvere,a-spi-ra-pol-ve-re
,bellezza,bel-lez-za
,dessert,des-sert
,tarlo,tar-lo
,concime,con-ci-me
,tennis,ten-nis
,complotto,com-plot-to
,entrambi,en-tram-bi
,posizione,po-si-zio-ne
,intanto,in-tan-to
,aristocratico,a-ri-sto-cra-ti-co
,tornaconto,tor-na-con-to
,tè,te
,disperare,dis-pe-ra-re
,acquisto,ac-qui-sto
,rimettere,ri-met-te-re
,iniezione,i-nie-zio-ne
,criticare,cri-ti-ca-re
,comprensibile,com-pren-si-bi-le
,devastare,de-va-sta-re
,rozzo,roz-zo
,soffiare,sof-fia-re
,frigorifero,fri-go-ri-fe-ro
,pallido,pal-li-do
,sfondare,sfon-da-re
,variopinto,va-rio-pin-to
,chiunque,chi-un-que
,movimento,mo-vi-men-to
,essenza,es-sen-za
,trasmissione,tras-mis-sio-ne
,catanzarese,ca-tan-za-re-se
,iniziare,i-ni-zia-re
,variare,va-ria-re
,marcio,mar-cio
,grandezza,gran-dez-za
,ridurre,ri-dur-re
,dubitare,du-bi-ta-re
,agente,a-gen-te
,scenario,sce-na-rio
,dialogo,dia-lo-go
,competizione,com-pe-ti-zio-ne
,brontolare,bron-to-la-re
,contadino,con-ta-di-no
,veleno,ve-le-no
,zona,zo-na
,improbabile,im-pro-ba-bi-le
,nascondere,na-scon-de-re
,appartenere,ap-par-te-ne-re
,orologiaio,o-ro-lo-giai-o
,impaziente,im-pa-zien-te
,distinto,dis-tin-to
,onore,o-no-re
,maleducazione,mal-e-du-ca-zio-ne
,sparecchiare,spa-rec-chia-re
,libreria,li-bre-ria
,operare,o-pe-ra-re
,attorno,at-tor-no
,gemma,gem-ma
,mordere,mor-de-re
,ritagliare,ri-ta-glia-re
,adeguato,a-de-gua-to
,buccia,buc-cia
,burrone,bur-ro-ne
,bidello,bi-del-lo
,scultura,scul-tu-ra
,categoria,ca-te-go-ria
,fruscio,fru-scio
,nylon,n-y-lon
,pasticcere,pa-stic-ce-re
,interruttore,in-ter-rut-to-re
,gratis,gra-tis
,sbriciolare,sbri-cio-la-re
,sottaceto,sot-ta-ce-to
,soggettivo,sog-get-ti-vo
,superare,su-pe-ra-re
,fascino,fa-sci-no
,bisbigliare,bi-sbi-glia-re
,trama,tra-ma
,gravità,gra-vi-ta
,universitario,u-ni-ver-si-ta-rio
,acquasanta,ac-qua-san-ta
,corriere,cor-rie-re
,essi,es-si
,bancarella,ban-ca-rel-la
,inaspettato,i-na-spet-ta-to
,beneficio,ben-e-fi-cio
,bastardo,ba-star-do
,poeta,po-e-ta
,massacrare,mas-sa-cra-re
,padre,pa-dre
,ottimo,ot-ti-mo
,pullman,pull-man
,lavorativo,la-vo-ra-ti-vo
,digestivo,di-ge-sti-vo
,mais,mais
,fertilizzante,fer-ti-liz-zan-te
,fune,fu-ne
,pezza,pez-za
,parametro,pa-ra-me-tro
,spiaggia,spiag-gia
,permaloso,per-mal-o-so
,assaltare,as-sal-ta-re
,filante,fi-lan-te
,pozzanghera,poz-zan-ghe-ra
,invadere,in-va-de-re
,automatico,au-to-ma-ti-co
,ladro,la-dro
,conferire,con-fe-ri-re
,rinnovare,rin-no-va-re
,thermos,t-her-mos
,lucidare,lu-ci-da-re
,rosetta,ro-set-ta
,pena,pe-na
,annuire,an-nui-re
,specie,spe-cie
,imbianchino,im-bian-chi-no
,sciopero,scio-pe-ro
,garofano,ga-ro-fa-no
,rientro,rien-tro
,insegnamento,in-se-gna-men-to
,visivo,vi-si-vo
,ricevere,ri-ce-ve-re
,gengiva,gen-gi-va
,monte,mon-te
,delizioso,de-li-zio-so
,ricadere,ri-ca-de-re
,assalto,as-sal-to
,taverna,ta-ver-na
,allenamento,al-le-na-men-to
,pasticcio,pa-stic-cio
,stradale,stra-da-le
,ergastolo,er-ga-sto-lo
,slitta,slit-ta
,lampo,lam-po
,pagamento,pa-ga-men-to
,sottoporre,sot-to-por-re
,spiccare,spic-ca-re
,riguardare,ri-guar-da-re
,elettore,e-let-to-re
,convincente,co-n-vin-cen-te
,tordo,tor-do
,mestiere,me-stie-re
,avviare,av-via-re
,delirio,de-li-rio
,rendere,ren-de-re
,mendicante,men-di-can-te
,avena,a-ve-na
,membrana,mem-bra-na
,regolamento,re-go-la-men-to
,toletta,to-let-ta
,estivo,e-sti-vo
,velocità,ve-lo-ci-ta
,picnic,pic-nic
,miniera,mi-nie-ra
,fango,fan-go
,verdura,ver-du-ra
,partner,par-t-ner
,suola,suo-la
,tastiera,ta-stie-ra
,era,e-ra
,espellere,e-spel-le-re
,deficiente,de-fi-cien-te
,fumare,fu-ma-re
,ricordare,ri-cor-da-re
,inevitabilmente,i-ne-vi-ta-bil-men-te
,scaricatore,sca-ri-ca-to-re
,ritto,rit-to
,polpetta,pol-pet-ta
,insetto,in-set-to
,russare,rus-sa-re
,incontrare,in-con-tra-re
,brogliaccio,bro-gliac-cio
,nazionale,na-zio-na-le
,virtù,vir-tu
,salario,sa-la-rio
,grotta,grot-ta
,tenaglia,te-na-glia
,strettamente,stret-ta-men-te
,vero,ve-ro
,fondamentalmente,fon-da-men-tal-men-te
,impegnare,im-pe-gna-re
,neppure,nep-pu-re
,impallidire,im-pal-li-di-re
,scimmia,scim-mia
,incredibile,in-cre-di-bi-le
,schiena,schie-na
,insinuare,in-si-nua-re
,atleta,a-tle-ta
,salsiccia,sal-sic-cia
,impegnativo,im-pe-gna-ti-vo
,squillare,squil-la-re
,bufala,bu-fa-la
,solco,sol-co
,stalla,stal-la
,determinato,de-ter-mi-na-to
,novembre,no-vem-bre
,concessione,con-ces-sio-ne
,pungere,pun-ge-re
,testamento,te-sta-men-to
,gonfiare,gon-fia-re
,integrazione,in-te-gra-zio-ne
,agile,a-gi-le
,scarafaggio,sca-ra-fag-gio
,network,ne-t-wo-rk
,ripetere,ri-pe-te-re
,altoatesino,al-to-a-te-si-no
,brina,bri-na
,trampolino,tram-po-li-no
,confermare,con-fer-ma-re
,sereno,se-re-no
,dimezzare,di-mez-za-re
,pettinatura,pet-ti-na-tu-ra
,cedere,ce-de-re
,cartoleria,car-to-le-ria
,congelare,con-ge-la-re
,domestica,do-me-sti-ca
,riconoscere,ri-co-no-sce-re
,dannato,dan-na-to
,infelice,in-fe-li-ce
,adottare,a-dot-ta-re
,tacca,tac-ca
,umile,u-mi-le
,sollevare,sol-le-va-re
,sedici,se-di-ci
,loro,lo-ro
,travestire,tra-ve-sti-re
,apparecchio,ap-pa-rec-chio
,mancino,man-ci-no
,ragnatela,ra-gna-te-la
,tavolo,ta-vo-lo
,scemo,sce-mo
,polso,pol-so
,album,al-bum
,smalto,smal-to
,vanto,van-to
,automobile,au-to-mo-bi-le
,opinione,o-pi-nio-ne
,vincolo,vin-co-lo
,prova,pro-va
,ovunque,o-vun-que
,omaggio,o-mag-gio
,valido,va-li-do
,sporgere,spor-ge-re
,lebbra,leb-bra
,divertire,di-ver-ti-re
,interessato,in-te-res-sa-to
,soldato,sol-da-to
,frenetico,fre-ne-ti-co
,parroco,par-ro-co
,reparto,re-par-to
,copricostume,co-pri-co-stu-me
,legno,le-gno
,ricaduta,ri-ca-du-ta
,svegliare,sve-glia-re
,lassù,las-su
,parallelepipedo,pa-ral-le-le-pi-pe-do
,navigazione,na-vi-ga-zio-ne
,quaranta,qua-ran-ta
,pilota,pi-lo-ta
,ferrovia,fer-ro-via
,melograno,me-lo-gra-no
,laico,lai-co
,affondare,af-fon-da-re
,polpastrello,pol-pa-strel-lo
,piattaforma,piat-ta-for-ma
,paralizzato,pa-ra-liz-za-to
,style,style
,rondine,ron-di-ne
,discepolo,dis-ce-po-lo
,selezione,se-le-zio-ne
,soddisfare,sod-dis-fa-re
,sviluppato,svi-lup-pa-to
,narrare,nar-ra-re
,riordinare,rior-di-na-re
,cosa,co-sa
,bronzo,bron-zo
,pavone,pa-vo-ne
,rapporto,rap-por-to
,separato,se-pa-ra-to
,andata,an-da-ta
,oliva,o-li-va
,coscia,co-scia
,animo,a-ni-mo
,imbroglio,im-bro-glio
,sette,set-te
,malinconia,ma-lin-co-ni-a
,ovvio,ov-vio
,petardo,pe-tar-do
,poi,poi
,montare,mon-ta-re
,montenegrino,mon-te-ne-gri-no
,camminare,cam-mi-na-re
,riaprire,ria-pri-re
,insulto,in-sul-to
,potente,po-ten-te
,bere,be-re
,ragno,ra-gno
,pallottoliere,pal-lot-to-lie-re
,solletico,sol-le-ti-co
,pollaio,pol-la-io
,dettagliato,det-ta-glia-to
,teso,te-so
,bussare,bus-sa-re
,icona,i-co-na
,accusa,ac-cu-sa
,spazzatura,spaz-za-tu-ra
,grosso,gros-so
,arrampicarsi,ar-ram-pi-car-si
,nucleo,nu-cle-o
,quarta,quar-ta
,forbice,for-bi-ce
,esposizione,e-spo-si-zio-ne
,film,film
,piccolo,pic-co-lo
,nemmeno,nem-me-no
,defunto,de-fun-to
,sputo,spu-to
,orientamento,o-rien-ta-men-to
,cravatta,cra-vat-ta
,ebbene,eb-ben-e
,particolarmente,par-ti-co-lar-men-te
,fessura,fes-su-ra
,mare,ma-re
,federale,fe-de-ra-le
,causa,cau-sa
,zingaro,zin-ga-ro
,azzurro,az-zur-ro
,relazione,re-la-zio-ne
,caverna,ca-ver-na
,prezzemolo,prez-ze-mo-lo
,ostile,o-sti-le
,autonomia,au-to-no-mia
,fottere,fot-te-re
,minore,mi-no-re
,molto,mol-to
,biglietto,bi-gliet-to
,capoluogo,ca-po-luo-go
,verificare,ve-ri-fi-ca-re
,normalità,nor-mal-i-ta
,governare,go-ver-na-re
,misterioso,mi-ste-rio-so
,dichiarare,di-chia-ra-re
,quarto,quar-to
,splendido,splen-di-do
,sodo,so-do
,intendere,in-ten-de-re
,fuoco,fuo-co
,svuotare,svuo-ta-re
,stress,stress
,interlocutore,in-ter-lo-cu-to-re
,occhiale,oc-chia-le
,carovana,ca-ro-va-na
,corrispondente,cor-ri-spon-den-te
,meteo,me-te-o
,area,a-re-a
,calligrafia,cal-li-gra-fia
,mirare,mi-ra-re
,morire,mo-ri-re
,accesso,ac-ces-so
,stampa,stam-pa
,nervoso,ner-vo-so
,rappresentazione,rap-pre-sen-ta-zio-ne
,ovile,o-vi-le
,grissino,gris-si-no
,pagella,pa-gel-la
,informativo,in-for-ma-ti-vo
,decennio,de-cen-nio
,scivolare,sci-vo-la-re
,coniuge,co-niu-ge
,scheda,sche-da
,sfortunato,sfor-tu-na-to
,impossibile,im-pos-si-bi-le
,depuratore,de-pu-ra-to-re
,voglia,vo-glia
,imbecille,im-be-cil-le
,società,so-cie-ta
,casa,ca-sa
,laborioso,la-bo-rio-so
,fondare,fon-da-re
,camicia,ca-mi-cia
,sorridere,sor-ri-de-re
,identificazione,i-den-ti-fi-ca-zio-ne
,nato,na-to
,rodaggio,ro-dag-gio
,contaminare,con-ta-mi-na-re
,arrugginire,ar-rug-gi-ni-re
,laddove,lad-do-ve
,perciò,per-cio
,asciugamano,a-sciu-ga-ma-no
,rafforzamento,raf-for-za-men-to
,diecimila,die-ci-mi-la
,mente,men-te
,naufragio,nau-fra-gio
,magistrato,ma-gi-stra-to
,suora,suo-ra
,nocciolina,noc-cio-li-na
,esclusivo,e-sclu-si-vo
,asfaltare,a-sfal-ta-re
,galassia,ga-las-sia
,divisione,di-vi-sio-ne
,contagio,con-ta-gio
,patologia,pa-to-lo-gia
,concepire,con-ce-pi-re
,cinico,ci-ni-co
,segnalare,se-gna-la-re
,comunicare,co-mu-ni-ca-re
,concezione,con-ce-zio-ne
,adozione,a-do-zio-ne
,città,cit-ta
,perfezione,per-fe-zio-ne
,disordinato,dis-or-di-na-to
,fiammifero,fiam-mi-fe-ro
,svelare,sve-la-re
,aria,a-ria
,occupazione,oc-cu-pa-zio-ne
,oliera,o-lie-ra
,boss,boss
,disponibilità,dis-po-ni-bi-li-ta
,organizzazione,or-ga-niz-za-zio-ne
,sacrificio,sa-cri-fi-cio
,cantilena,can-ti-le-na
,discreto,dis-cre-to
,multinazionale,mul-ti-na-zio-na-le
,legame,le-ga-me
,buca,bu-ca
,letteralmente,let-te-ral-men-te
,cicoria,ci-co-ria
,abbraccio,ab-brac-cio
,assolvere,as-sol-ve-re
,personalmente,per-so-nal-men-te
,puro,pu-ro
,scarcerare,scar-ce-ra-re
,promettere,pro-met-te-re
,archivio,ar-chi-vio
,operatore,o-pe-ra-to-re
,fantino,fan-ti-no
,olimpico,o-lim-pi-co
,sessuale,ses-sua-le
,aranciata,a-ran-cia-ta
,quota,quo-ta
,governo,go-ver-no
,impulsivo,im-pul-si-vo
,offrire,of-fri-re
,portaerei,por-ta-e-rei
,recita,re-ci-ta
,lituano,li-tua-no
,sentiero,sen-tie-ro
,marmo,mar-mo
,gossip,gos-sip
,spiedo,spie-do
,aroma,a-ro-ma
,formula,for-mu-la
,quercia,quer-cia
,accogliente,ac-co-glien-te
,ingrassare,in-gras-sa-re
,maltempo,mal-tem-po
,minestrone,mi-ne-stro-ne
,coinvolgere,coi-n-vol-ge-re
,contrario,con-tra-rio
,catenaccio,ca-te-nac-cio
,lingua,lin-gua
,cappelliera,cap-pel-lie-ra
,psicologo,p-si-co-lo-go
,collezione,col-le-zio-ne
,impiegare,im-pie-ga-re
,urlare,ur-la-re
,palco,pal-co
,pelato,pe-la-to
,medievale,me-die-va-le
,animato,a-ni-ma-to
,costruzione,co-stru-zio-ne
,spacciatore,spac-cia-to-re
,padroneggiare,pa-dro-neg-gia-re
,schierare,schie-ra-re
,distrarre,dis-trar-re
,frutto,frut-to
,ambiente,am-bien-te
,corona,co-ro-na
,ricordo,ri-cor-do
,sporgente,spor-gen-te
,buongiorno,buon-gior-no
,televisore,te-le-vi-so-re
,equilibrio,e-qui-li-brio
,facilitazione,fa-ci-li-ta-zio-ne
,docciaschiuma,doc-cia-schiu-ma
,pesare,pe-sa-re
,ulcera,ul-ce-ra
,trasferimento,tras-fe-ri-men-to
,rivoluzione,ri-vo-lu-zio-ne
,aggirare,ag-gi-ra-re
,antirughe,an-ti-ru-ghe
,riassumere,rias-su-me-re
,volgere,vol-ge-re
,orso,or-so
,tifoso,ti-fo-so
,autore,au-to-re
,realizzare,re-a-liz-za-re
,sano,sa-no
,davanti,da-van-ti
,tritare,tri-ta-re
,sesso,ses-so
,incubo,in-cu-bo
,indipendenza,in-di-pen-den-za
,navale,na-va-le
,settanta,set-tan-ta
,consultare,con-sul-ta-re
,calo,ca-lo
,emozionante,e-mo-zio-nan-te
,ritmo,rit-mo
,oppresso,op-pres-so
,partecipare,par-te-ci-pa-re
,nave,na-ve
,pranzo,pran-zo
,dotare,do-ta-re
,selvaggina,sel-vag-gi-na
,fiato,fia-to
,emozionare,e-mo-zio-na-re
,occupato,oc-cu-pa-to
,diffidenza,dif-fi-den-za
,architetto,ar-chi-tet-to
,pomata,po-ma-ta
,tornare,tor-na-re
,democrazia,de-mo-cra-zia
,piazza,piaz-za
,verde,ver-de
,recensione,re-cen-sio-ne
,sergente,ser-gen-te
,urna,ur-na
,rovinare,ro-vi-na-re
,scomparire,scom-pa-ri-re
,deprimere,de-pri-me-re
,autonomo,au-to-no-mo
,teglia,te-glia
,roccia,roc-cia
,disonesto,dis-o-ne-sto
,stretta,stret-ta
,pepe,pe-pe
,via,vi-a
,venticinque,ven-ti-cin-que
,deluso,de-lu-so
,sudamericano,su-da-me-ri-ca-no
,complice,com-pli-ce
,spianare,spia-na-re
,sacerdote,sa-cer-do-te
,cicatrice,ci-ca-tri-ce
,pulcino,pul-ci-no
,gesto,ge-sto
,straordinario,stra-or-di-na-rio
,disciplina,dis-ci-pli-na
,quinta,quin-ta
,orecchio,o-rec-chio
,inutile,i-nu-ti-le
,poetico,po-e-ti-co
,timidezza,ti-mi-dez-za
,pistacchio,pi-stac-chio
,nordamericano,nor-da-me-ri-ca-no
,tarallo,ta-ral-lo
,trasparenza,tras-pa-ren-za
,ics,i-cs
,comprensivo,com-pren-si-vo
,allegria,al-le-gri-a
,socialista,so-cia-li-sta
,grave,gra-ve
,destino,de-sti-no
,cielo,cie-lo
,pulito,pu-li-to
,schedario,sche-da-rio
,danneggiare,dan-neg-gia-re
,serie,se-rie
,salvo,sal-vo
,accademico,ac-ca-de-mi-co
,custodia,cu-sto-dia
,cimice,ci-mi-ce
,consenso,con-sen-so
,minaccia,mi-nac-cia
,raccolta,rac-col-ta
,camionista,ca-mio-ni-sta
,pronto,pron-to
,zuffa,zuf-fa
,pellicola,pel-li-co-la
,trenta,tren-ta
,respirare,re-spi-ra-re
,tragedia,tra-ge-dia
,aceto,a-ce-to
,delinquente,de-lin-quen-te
,sceneggiatura,sce-neg-gia-tu-ra
,coincidenza,coin-ci-den-za
,bavaglio,ba-va-glio
,ammalato,am-mal-a-to
,interrogare,in-ter-ro-ga-re
,asino,a-si-no
,labbro,lab-bro
,comprare,com-pra-re
,telegrafico,te-le-gra-fi-co
,platino,pla-ti-no
,acceso,ac-ce-so
,faro,fa-ro
,evidentemente,e-vi-den-te-men-te
,ospite,o-spi-te
,me,me
,immergere,im-mer-ge-re
,vivere,vi-ve-re
,accorrere,ac-cor-re-re
,ligure,li-gu-re
,sospirare,so-spi-ra-re
,corporatura,cor-po-ra-tu-ra
,niente,nien-te
,ferro,fer-ro
,alleanza,al-le-an-za
,ponte,pon-te
,giovedì,gio-ve-di
,martedì,mar-te-di
,parcheggio,par-cheg-gio
,carta,car-ta
,apposito,ap-po-si-to
,affannarsi,af-fan-nar-si
,consulenza,con-su-len-za
,saccheggiare,sac-cheg-gia-re
,massaggio,mas-sag-gio
,rock,ro-ck
,pretesto,pre-te-sto
,batticuore,bat-ti-cuo-re
,allontanare,al-lon-ta-na-re
,nulla,nul-la
,forum,fo-rum
,gettone,get-to-ne
,procedura,pro-ce-du-ra
,apprendere,ap-pren-de-re
,ospedale,o-spe-da-le
,chirurgo,chi-rur-go
,intesa,in-te-sa
,nascosto,na-sco-sto
,asfalto,a-sfal-to
,londinese,lon-di-ne-se
,cassiera,cas-sie-ra
,contrarre,con-trar-re
,trasformazione,tras-for-ma-zio-ne
,ricavare,ri-ca-va-re
,fasciatoio,fa-scia-to-io
,ditta,dit-ta
,calendario,ca-len-da-rio
,rata,ra-ta
,veicolo,vei-co-lo
,stracchino,strac-chi-no
,cottura,cot-tu-ra
,sparire,spa-ri-re
,attenzione,at-ten-zio-ne
,definire,de-fi-ni-re
,popolarità,po-po-la-ri-ta
,cartaceo,car-ta-ce-o
,caos,ca-os
,uccello,uc-cel-lo
,merda,mer-da
,fallire,fal-li-re
,dentista,den-ti-sta
,consulente,con-su-len-te
,terremoto,ter-re-mo-to
,conoscenza,co-no-scen-za
,latteria,lat-te-ria
,aragosta,a-ra-go-sta
,giuramento,giu-ra-men-to
,pecorino,pe-co-ri-no
,pentola,pen-to-la
,parzialmente,par-zial-men-te
,preghiera,pre-ghie-ra
,augurio,au-gu-rio
,ventata,ven-ta-ta
,feria,fe-ria
,torcicollo,tor-ci-col-lo
,brand,brand
,prestigio,pre-sti-gio
,tecnicamente,tec-ni-ca-men-te
,leopardo,le-o-par-do
,scafo,sca-fo
,ago,a-go
,scossa,scos-sa
,connessione,con-nes-sio-ne
,istinto,i-stin-to
,previsto,pre-vi-sto
,giubbotto,giub-bot-to
,intonaco,in-to-na-co
,affamare,af-fa-ma-re
,finale,fi-na-le
,impressionante,im-pres-sio-nan-te
,palcoscenico,pal-co-sce-ni-co
,simulare,si-mu-la-re
,ammasso,am-mas-so
,semmai,sem-mai
,mandorlo,man-dor-lo
,lattina,lat-ti-na
,viale,via-le
,sollievo,sol-lie-vo
,piena,pie-na
,invece,in-ve-ce
,boccia,boc-cia
,alzare,al-za-re
,traballare,tra-bal-la-re
,competenza,com-pe-ten-za
,seguire,se-gui-re
,morbido,mor-bi-do
,tra,tra
,spada,spa-da
,pasquale,pa-squa-le
,acquisizione,ac-qui-si-zio-ne
,colluttorio,col-lut-to-rio
,pretesa,pre-te-sa
,miele,mie-le
,ragioniere,ra-gio-nie-re
,lavagna,la-va-gna
,aprile,a-pri-le
,besciamella,be-scia-mel-la
,piegare,pie-ga-re
,consapevolezza,con-sa-pe-vo-lez-za
,speciale,spe-cia-le
,racchiudere,rac-chiu-de-re
,temere,te-me-re
,psicologico,p-si-co-lo-gi-co
,lavoratore,la-vo-ra-to-re
,soffocare,sof-fo-ca-re
,riconciliarsi,ri-con-ci-liar-si
,sede,se-de
,credo,cre-do
,distribuire,dis-tri-bui-re
,rame,ra-me
,patto,pat-to
,salvia,sal-via
,fotografo,fo-to-gra-fo
,fame,fa-me
,desiderio,de-si-de-rio
,turista,tu-ri-sta
,reggere,reg-ge-re
,parmigiano,par-mi-gia-no
,spranga,spran-ga
,attuare,at-tua-re
,belga,bel-ga
,stanga,stan-ga
,cassapanca,cas-sa-pan-ca
,freccia,frec-cia
,chewingum,che-win-gum
,convinzione,co-n-vin-zio-ne
,obbligare,ob-bli-ga-re
,filosofia,fi-lo-so-fia
,furbo,fur-bo
,lucente,lu-cen-te
,zucchina,zuc-chi-na
,dunque,dun-que
,senatore,se-na-to-re
,ulteriormente,ul-te-rior-men-te
,disteso,dis-te-so
,giacere,gia-ce-re
,artigiano,ar-ti-gia-no
,mancato,man-ca-to
,svegliarsi,sve-gliar-si
,sofisticato,so-fi-sti-ca-to
,concorrere,con-cor-re-re
,sbigottire,sbi-got-ti-re
,porno,por-no
,costa,co-sta
,intervista,in-ter-vi-sta
,piastra,pia-stra
,primula,pri-mu-la
,dimettere,di-met-te-re
,ingrandire,in-gran-di-re
,cracker,cra-c-ker
,peschereccio,pe-sche-rec-cio
,annodare,an-no-da-re
,richiamare,ri-chia-ma-re
,fosso,fos-so
,impresa,im-pre-sa
,rimedio,ri-me-dio
,calcolare,cal-co-la-re
,depositare,de-po-si-ta-re
,oggetto,og-get-to
,finta,fin-ta
,orco,or-co
,telecronaca,te-le-cro-na-ca
,rivelare,ri-ve-la-re
,diversità,di-ver-si-ta
,ernia,er-nia
,anteprima,an-te-pri-ma
,nemico,ne-mi-co
,febbraio,feb-brai-o
,celebrare,ce-le-bra-re
,rosso,ros-so
,istintivo,i-stin-ti-vo
,inerte,i-ner-te
,modello,mo-del-lo
,mentalità,men-ta-li-ta
,massaia,mas-sa-ia
,miseria,mi-se-ria
,spezia,spe-zia
,rumore,ru-mo-re
,uragano,u-ra-ga-no
,navicella,na-vi-cel-la
,necessario,ne-ces-sa-rio
,democristiano,de-mo-cri-stia-no
,pista,pi-sta
,spirito,spi-ri-to
,aratro,a-ra-tro
,avvio,av-vio
,ronzio,ron-zio
,lavatrice,la-va-tri-ce
,biblico,bi-bli-co
,ritrarre,ri-trar-re
,aggravare,ag-gra-va-re
,patrimonio,pa-tri-mo-nio
,mammella,mam-mel-la
,emo,e-mo
,viaggiare,viag-gia-re
,frugare,fru-ga-re
,dente,den-te
,cinghia,cin-ghia
,tagliare,ta-glia-re
,ciliegio,ci-lie-gio
,funzionamento,fun-zio-na-men-to
,gustare,gu-sta-re
,salato,sa-la-to
,abbaiare,ab-ba-ia-re
,cappello,cap-pel-lo
,granturco,gran-tur-co
,sedurre,se-dur-re
,rosolia,ro-so-lia
,territorio,ter-ri-to-rio
,malaugurio,mal-au-gu-rio
,avambraccio,a-vam-brac-cio
,musicale,mu-si-ca-le
,vetro,ve-tro
,rigattiere,ri-gat-tie-re
,penisola,pe-ni-so-la
,incatenare,in-ca-te-na-re
,conte,con-te
,calza,cal-za
,alleggerire,al-leg-ge-ri-re
,aperitivo,a-pe-ri-ti-vo
,scopare,sco-pa-re
,puma,pu-ma
,sneaker,sne-a-ker
,apostolo,a-po-sto-lo
,cilindro,ci-lin-dro
,occidente,oc-ci-den-te
,parare,pa-ra-re
,maturo,ma-tu-ro
,compensare,com-pen-sa-re
,tangente,tan-gen-te
,tosare,to-sa-re
,maiuscola,ma-iu-sco-la
,differente,dif-fe-ren-te
,interiore,in-te-rio-re
,viaggio,viag-gio
,cassetta,cas-set-ta
,disinfettante,dis-in-fet-tan-te
,composto,com-po-sto
,effe,ef-fe
,sospensione,so-spen-sio-ne
,noleggiare,no-leg-gia-re
,angolo,an-go-lo
,trasfusione,tras-fu-sio-ne
,ketchup,ke-t-c-hup
,notevole,no-te-vo-le
,sbadiglio,sba-di-glio
,borotalco,bo-ro-tal-co
,pirata,pi-ra-ta
,paralume,pa-ra-lu-me
,lotta,lot-ta
,dolcificante,dol-ci-fi-can-te
,miagolare,mia-go-la-re
,pomello,po-mel-lo
,destra,de-stra
,slacciare,slac-cia-re
,buonuomo,buo-nuo-mo
,ordinare,or-di-na-re
,avvicinare,av-vi-ci-na-re
,consistente,con-si-sten-te
,spalmare,spal-ma-re
,pallanuoto,pal-la-nuo-to
,semplificare,sem-pli-fi-ca-re
,trafila,tra-fi-la
,muovere,muo-ve-re
,leccio,lec-cio
,turistico,tu-ri-sti-co
,escludere,e-sclu-de-re
,stupore,stu-po-re
,pericoloso,pe-ri-co-lo-so
,minimo,mi-ni-mo
,fontanella,fon-ta-nel-la
,evitare,e-vi-ta-re
,mutanda,mu-tan-da
,congelatore,con-ge-la-to-re
,cucito,cu-ci-to
,indovinare,in-do-vi-na-re
,lavorare,la-vo-ra-re
,temporaneo,tem-po-ra-ne-o
,pubblicità,pub-bli-ci-ta
,pasticceria,pa-stic-ce-ria
,mummia,mum-mia
,quasi,qua-si
,vertice,ver-ti-ce
,portare,por-ta-re
,aziendale,a-zien-da-le
,emmenthal,em-men-t-hal
,fascista,fa-sci-sta
,torneo,tor-ne-o
,artiglieria,ar-ti-glie-ria
,religioso,re-li-gio-so
,frenare,fre-na-re
,dominante,do-mi-nan-te
,succedere,suc-ce-de-re
,misero,mi-se-ro
,aspirare,a-spi-ra-re
,comodo,co-mo-do
,suddito,sud-di-to
,certificare,cer-ti-fi-ca-re
,malvagio,mal-va-gio
,nome,no-me
,pareggiare,pa-reg-gia-re
,lumaca,lu-ma-ca
,contribuire,con-tri-bui-re
,suocero,suo-ce-ro
,collaboratore,col-la-bo-ra-to-re
,redigere,re-di-ge-re
,riunione,riu-nio-ne
,paravento,pa-ra-ven-to
,caffellatte,caf-fel-lat-te
,ciascuno,cia-scu-no
,trottola,trot-to-la
,allenatore,al-le-na-to-re
,imbarazzato,im-ba-raz-za-to
,fagiano,fa-gia-no
,alcuno,al-cu-no
,mocassino,mo-cas-si-no
,gatto,gat-to
,stesso,stes-so
,incorreggibile,in-cor-reg-gi-bi-le
,rotolare,ro-to-la-re
,escluso,e-sclu-so
,allentare,al-len-ta-re
,tremendo,tre-men-do
,investimento,in-ve-sti-men-to
,visitatore,vi-si-ta-to-re
,rappresentare,rap-pre-sen-ta-re
,cinguettio,cin-guet-tio
,cipriota,ci-prio-ta
,emanare,e-ma-na-re
,festa,fe-sta
,cristianesimo,cri-stia-ne-si-mo
,recentemente,re-cen-te-men-te
,lampadario,lam-pa-da-rio
,decina,de-ci-na
,polacco,po-lac-co
,purga,pur-ga
,padrone,pa-dro-ne
,tradizione,tra-di-zio-ne
,ruolo,ruo-lo
,giù,giu
,ormai,or-mai
,birichino,bi-ri-chi-no
,nuotare,nuo-ta-re
,sia,sia
,scultore,scul-to-re
,estone,e-sto-ne
,segmento,se-g-men-to
,condanna,con-dan-na
,taxi,ta-xi
,lenzuolo,len-zuo-lo
,ringhio,rin-ghio
,enciclopedia,en-ci-clo-pe-dia
,tunisino,tu-ni-si-no
,viennese,vien-ne-se
,risentimento,ri-sen-ti-men-to
,cenere,ce-ne-re
,giaguaro,gia-gua-ro
,scarso,scar-so
,colore,co-lo-re
,pinguino,pin-gui-no
,spettacolo,spet-ta-co-lo
,cioccolato,cioc-co-la-to
,mafia,ma-fia
,massimo,mas-si-mo
,compatriota,com-pa-trio-ta
,residente,re-si-den-te
,spigolo,spi-go-lo
,scavare,sca-va-re
,paura,pa-u-ra
,ordine,or-di-ne
,apparente,ap-pa-ren-te
,nucleare,nu-cle-a-re
,maresciallo,ma-re-scial-lo
,terrorizzare,ter-ro-riz-za-re
,risparmiare,ri-spar-mia-re
,sigla,si-gla
,divano,di-va-no
,per,per
,innocente,in-no-cen-te
,segnale,se-gna-le
,togliere,to-glie-re
,riflettere,ri-flet-te-re
,dominare,do-mi-na-re
,sfociare,sfo-cia-re
,stasera,sta-se-ra
,contraccambiare,con-trac-cam-bia-re
,risata,ri-sa-ta
,locazione,lo-ca-zio-ne
,slanciato,slan-cia-to
,addossare,ad-dos-sa-re
,sino,si-no
,trapianto,tra-pian-to
,creditore,cre-di-to-re
,intelligenza,in-tel-li-gen-za
,rimanere,ri-ma-ne-re
,metodo,me-to-do
,weekend,we-e-kend
,guardare,guar-da-re
,pregio,pre-gio
,decorare,de-co-ra-re
,acquistare,ac-qui-sta-re
,psichiatra,p-si-chia-tra
,impiegato,im-pie-ga-to
,premiare,pre-mia-re
,sintetico,sin-te-ti-co
,giostra,gio-stra
,trancio,tran-cio
,splendere,splen-de-re
,chiaramente,chia-ra-men-te
,chitarra,chi-tar-ra
,lesione,le-sio-ne
,telecomandato,te-le-co-man-da-to
,domani,do-ma-ni
,repertorio,re-per-to-rio
,camomilla,ca-mo-mil-la
,indifferenza,in-dif-fe-ren-za
,smacchiatore,smac-chia-to-re
,duemila,due-mi-la
,esclusivamente,e-sclu-si-va-men-te
,bollitore,bol-li-to-re
,scrupolo,scru-po-lo
,dolce,dol-ce
,rivista,ri-vi-sta
,sazio,sa-zio
,precedere,pre-ce-de-re
,reprimere,re-pri-me-re
,inquietante,in-qu-ie-tan-te
,avarizia,a-va-ri-zia
,piuttosto,piut-to-sto
,centrare,cen-tra-re
,usignolo,u-si-gno-lo
,annotare,an-no-ta-re
,eventuale,e-ven-tua-le
,cerniera,cer-nie-ra
,né,ne
,regalo,re-ga-lo
,lentiggine,len-tig-gi-ne
,rialzare,rial-za-re
,riduzione,ri-du-zio-ne
,orecchino,o-rec-chi-no
,premere,pre-me-re
,scandalo,scan-da-lo
,spazio,spa-zio
,trappola,trap-po-la
,ormone,or-mo-ne
,licenziamento,li-cen-zia-men-to
,cliente,clien-te
,anconetano,an-co-ne-ta-no
,argento,ar-gen-to
,raggio,rag-gio
,nozze,noz-ze
,mandorla,man-dor-la
,inefficace,i-nef-fi-ca-ce
,autentico,au-ten-ti-co
,trecento,tre-cen-to
,sir,sir
,analizzare,a-na-liz-za-re
,scherzare,scher-za-re
,indice,in-di-ce
,pensiero,pen-sie-ro
,significativo,si-gni-fi-ca-ti-vo
,conferenza,con-fe-ren-za
,vampata,vam-pa-ta
,orizzontale,o-riz-zon-ta-le
,trascinare,tras-ci-na-re
,tonnellata,ton-nel-la-ta
,zucca,zuc-ca
,caffettiera,caf-fet-tie-ra
,salame,sa-la-me
,ammassare,am-mas-sa-re
,laboratorio,la-bo-ra-to-rio
,armonia,ar-mo-nia
,gufo,gu-fo
,perdonare,per-do-na-re
,fiorentino,fio-ren-ti-no
,civiltà,ci-vil-ta
,identità,i-den-ti-ta
,tesoro,te-so-ro
,prescrizione,pre-scri-zio-ne
,borgo,bor-go
,divinità,di-vi-ni-ta
,gratuito,gra-tui-to
,positivo,po-si-ti-vo
,collega,col-le-ga
,benessere,ben-es-se-re
,cancellare,can-cel-la-re
,vizio,vi-zio
,bambina,bam-bi-na
,mila,mi-la
,snello,snel-lo
,ripiego,ri-pie-go
,soffitto,sof-fit-to
,onda,on-da
,clan,clan
,migliore,mi-glio-re
,vanitoso,va-ni-to-so
,camion,ca-mion
,marciapiede,mar-cia-pie-de
,televisivo,te-le-vi-si-vo
,macchinista,mac-chi-ni-sta
,terapia,te-ra-pia
,ammalarsi,am-mal-ar-si
,trapunta,tra-pun-ta
,rassegna,ras-se-gna
,siccità,sic-ci-ta
,agenzia,a-gen-zia
,sostanza,so-stan-za
,gi,gi
,condizionare,con-di-zio-na-re
,acquarello,ac-qua-rel-lo
,perfettamente,per-fet-ta-men-te
,santo,san-to
,emme,em-me
,partecipante,par-te-ci-pan-te
,bestemmia,be-stem-mia
,documentazione,do-cu-men-ta-zio-ne
,sudore,su-do-re
,vendemmiare,ven-dem-mia-re
,appeso,ap-pe-so
,mutamento,mu-ta-men-to
,perfino,per-fi-no
,stadio,sta-dio
,berlinese,ber-li-ne-se
,sottopassaggio,sot-to-pas-sag-gio
,volontariato,vo-lon-ta-ria-to
,termosifone,ter-mo-si-fo-ne
,cronista,cro-ni-sta
,spiare,spia-re
,terra,ter-ra
,motivare,mo-ti-va-re
,proporzione,pro-por-zio-ne
,multa,mul-ta
,idea,i-de-a
,sboccare,sboc-ca-re
,goccia,goc-cia
,medaglia,me-da-glia
,citare,ci-ta-re
,peste,pe-ste
,clacson,cla-c-son
,vela,ve-la
,elettricista,e-let-tri-ci-sta
,meditare,me-di-ta-re
,dorso,dor-so
,pronunciare,pro-nun-cia-re
,inganno,in-gan-no
,albergo,al-ber-go
,genere,ge-ne-re
,presa,pre-sa
,rottura,rot-tu-ra
,abitazione,a-bi-ta-zio-ne
,giraffa,gi-raf-fa
,sensazione,sen-sa-zio-ne
,abituale,a-bi-tua-le
,socievole,so-cie-vo-le
,strano,stra-no
,rifornimento,ri-for-ni-men-to
,ultimo,ul-ti-mo
,dettaglio,det-ta-glio
,casino,ca-si-no
,maledetto,mal-e-det-to
,sottoscrivere,sot-to-scri-ve-re
,idrogeno,i-dro-ge-no
,calare,ca-la-re
,gargarismo,gar-ga-ri-smo
,attento,at-ten-to
,ventilatore,ven-ti-la-to-re
,brillante,bril-lan-te
,mitico,mi-ti-co
,iscrivere,i-scri-ve-re
,realistico,re-a-li-sti-co
,coperchio,co-per-chio
,sovietico,so-vie-ti-co
,distacco,dis-tac-co
,preside,pre-si-de
,bestia,be-stia
,primizia,pri-mi-zia
,ticchettio,tic-chet-tio
,codice,co-di-ce
,artico,ar-ti-co
,curioso,cu-rio-so
,orientare,o-rien-ta-re
,libanese,li-ba-ne-se
,maturità,ma-tu-ri-ta
,sezione,se-zio-ne
,nonostante,no-no-stan-te
,scozzese,scoz-ze-se
,economista,e-co-no-mi-sta
,propaganda,pro-pa-gan-da
,sapore,sa-po-re
,solamente,so-la-men-te
,alleato,al-le-a-to
,sangue,san-gue
,bastare,ba-sta-re
,cessare,ces-sa-re
,soffitta,sof-fit-ta
,villaggio,vil-lag-gio
,imporre,im-por-re
,reggiseno,reg-gi-se-no
,pianerottolo,pia-ne-rot-to-lo
,proclamare,pro-cla-ma-re
,ruggire,rug-gi-re
,trottare,trot-ta-re
,giornale,gior-na-le
,solitamente,so-li-ta-men-te
,sardo,sar-do
,provare,pro-va-re
,guaire,gua-i-re
,guarire,gua-ri-re
,pulce,pul-ce
,stipendio,sti-pen-dio
,dentiera,den-tie-ra
,aderente,a-de-ren-te
,parola,pa-ro-la
,coinvolgimento,coi-n-vol-gi-men-to
,fingere,fin-ge-re
,britannico,bri-tan-ni-co
,collant,col-lant
,indietro,in-die-tro
,assistente,as-si-sten-te
,orologio,o-ro-lo-gio
,fecondare,fe-con-da-re
,liberamente,Clion S.p.A.
,lettera,let-te-ra
,palestinese,pa-le-sti-ne-se
,resistere,re-si-ste-re
,scodinzolare,sco-din-zo-la-re
,attentamente,at-ten-ta-men-te
,evasione,e-va-sio-ne
,contenere,con-te-ne-re
,calcinaccio,cal-ci-nac-cio
,residenza,re-si-den-za
,ricamare,ri-ca-ma-re
,gigante,gi-gan-te
,palpebra,pal-pe-bra
,animare,a-ni-ma-re
,ricostruire,ri-co-strui-re
,merendina,me-ren-di-na
,proprietario,pro-prie-ta-rio
,imbiancare,im-bian-ca-re
,tiramisù,ti-ra-mi-su
,protesta,pro-te-sta
,aggrapparsi,ag-grap-par-si
,sedano,se-da-no
,luccicare,luc-ci-ca-re
,fiction,fi-c-tion
,orribile,or-ri-bi-le
,cartone,car-to-ne
,pavimento,pa-vi-men-to
,colletta,col-let-ta
,vigile,vi-gi-le
,precisamente,pre-ci-sa-men-te
,progressista,pro-gres-si-sta
,parigino,pa-ri-gi-no
,mossa,mos-sa
,conca,con-ca
,antartico,an-tar-ti-co
,pomeriggio,po-me-rig-gio
,principio,prin-ci-pio
,decisivo,de-ci-si-vo
,vu,vu
,triste,tri-ste
,telegrafo,te-le-gra-fo
,obbiettivo,ob-biet-ti-vo
,aguzzo,a-guz-zo
,bestiale,be-stia-le
,lavabo,la-va-bo
,imbottigliare,im-bot-ti-glia-re
,fosforescente,fo-sfo-re-scen-te
,servizio,ser-vi-zio
,caffè,caf-fe
,clandestino,clan-de-sti-no
,divorzio,di-vor-zio
,ricompensare,ri-com-pen-sa-re
,attirare,at-ti-ra-re
,esibire,e-si-bi-re
,attentato,at-ten-ta-to
,slip,slip
,totale,to-ta-le
,atteggiare,at-teg-gia-re
,ipotizzare,i-po-tiz-za-re
,stuoia,stuoia
,immagine,im-ma-gi-ne
,casuale,ca-sua-le
,ruggito,rug-gi-to
,ansioso,an-sio-so
,suocera,suo-ce-ra
,luminoso,lu-mi-no-so
,menta,men-ta
,fastidioso,fa-sti-dio-so
,sudato,su-da-to
,mantello,man-tel-lo
,cucciolo,cuc-cio-lo
,dimensione,di-men-sio-ne
,centrale,cen-tra-le
,offeso,of-fe-so
,pubblico,pub-bli-co
,bruciatura,bru-cia-tu-ra
,gigantesco,gi-gan-te-sco
,illusione,il-lu-sio-ne
,lo,lo
,apertura,a-per-tu-ra
,espressione,e-spres-sio-ne
,contatto,con-tat-to
,motociclismo,mo-to-ci-cli-smo
,online,on-li-ne
,valanga,va-lan-ga
,cinematografico,ci-ne-ma-to-gra-fi-co
,paese,pa-e-se
,costante,co-stan-te
,visita,vi-si-ta
,recuperare,re-cu-pe-ra-re
,pennarello,pen-na-rel-lo
,discesa,di-sce-sa
,strangolare,stran-go-la-re
,zero,ze-ro
,singolo,sin-go-lo
,accattone,ac-cat-to-ne
,olandese,o-lan-de-se
,plaid,plaid
,costituire,co-sti-tui-re
,pollo,pol-lo
,gelateria,ge-la-te-ria
,denaro,de-na-ro
,entrata,en-tra-ta
,durata,du-ra-ta
,spietato,spie-ta-to
,preda,pre-da
,ordinario,or-di-na-rio
,guardaroba,guar-da-ro-ba
,miliardo,mi-liar-do
,rinforzo,rin-for-zo
,dinamico,di-na-mi-co
,spuma,spu-ma
,eschimese,e-schi-me-se
,lucido,lu-ci-do
,bi,bi
,presunto,pre-sun-to
,interpretare,in-ter-pre-ta-re
,salice,sa-li-ce
,convinto,co-n-vin-to
,sgarbo,sgar-bo
,fogna,fo-gna
,tuo,tuo
,mamma,mam-ma
,volontà,vo-lon-ta
,credibile,cre-di-bi-le
,riferimento,ri-fe-ri-men-to
,tempio,tem-pio
,buffet,buf-fet
,agitare,a-gi-ta-re
,quiz,quiz
,orrore,or-ro-re
,possedere,pos-se-de-re
,vapore,va-po-re
,peggiore,peg-gio-re
,valoroso,va-lo-ro-so
,altalena,al-ta-le-na
,cardiaco,car-dia-co
,pentagono,pen-ta-go-no
,collegare,col-le-ga-re
,scoprire,sco-pri-re
,zampa,zam-pa
,vuotare,vuo-ta-re
,porre,por-re
,fortuna,for-tu-na
,assumere,as-su-me-re
,spontaneo,spon-ta-ne-o
,numerazione,nu-me-ra-zio-ne
,teoria,te-o-ria
,confidare,con-fi-da-re
,saponetta,sa-po-net-ta
,baffo,baf-fo
,sgrassare,sgras-sa-re
,capitale,ca-pi-ta-le
,affiancare,af-fian-ca-re
,ira,i-ra
,cena,ce-na
,circolazione,cir-co-la-zio-ne
,originale,o-ri-gi-na-le
,confondere,con-fon-de-re
,unico,u-ni-co
,difficile,dif-fi-ci-le
,educare,e-du-ca-re
,coricare,co-ri-ca-re
,siepe,sie-pe
,barriera,bar-rie-ra
,fallito,fal-li-to
,pregiato,pre-gia-to
,anarchico,a-nar-chi-co
,canotto,ca-not-to
,accertamento,ac-cer-ta-men-to
,cetriolo,ce-trio-lo
,serata,se-ra-ta
,disagio,dis-a-gio
,esecutivo,e-se-cu-ti-vo
,oppressivo,op-pres-si-vo
,puntura,pun-tu-ra
,magnifico,ma-gni-fi-co
,illuminato,il-lu-mi-na-to
,comportamento,com-por-ta-men-to
,presepe,pre-se-pe
,puzzle,puz-z-le
,dotato,do-ta-to
,spaccio,spac-cio
,manifestare,ma-ni-fe-sta-re
,celebre,ce-le-bre
,motel,mo-tel
,contachilometri,con-ta-chi-lo-me-tri
,contributo,con-tri-bu-to
,buio,bu-io
,bagnare,ba-gna-re
,schiacciare,schiac-cia-re
,arricchire,ar-ric-chi-re
,incapacità,in-ca-pa-ci-ta
,scongelare,scon-ge-la-re
,applicazione,ap-pli-ca-zio-ne
,braccialetto,brac-cia-let-to
,attribuire,at-tri-bui-re
,certificato,cer-ti-fi-ca-to
,cervello,cer-vel-lo
,quattordici,quat-tor-di-ci
,lieto,lie-to
,tradire,tra-di-re
,fotografico,fo-to-gra-fi-co
,porzione,por-zio-ne
,crescente,cre-scen-te
,progressivo,pro-gres-si-vo
,premessa,pre-mes-sa
,slovacco,slo-vac-co
,tribù,tri-bu
,amare,a-ma-re
,papera,pa-pe-ra
,attaccapanni,at-tac-ca-pan-ni
,rigovernare,ri-go-ver-na-re
,banana,ba-na-na
,gambo,gam-bo
,potenziale,po-ten-zia-le
,veneto,ve-ne-to
,morsicare,mor-si-ca-re
,sagrestano,sa-gre-sta-no
,ricorrere,ri-cor-re-re
,equazione,e-qua-zio-ne
,gusto,gu-sto
,calabrese,ca-la-bre-se
,trapano,tra-pa-no
,soprammobile,so-pram-mo-bi-le
,disastro,dis-a-stro
,utente,u-ten-te
,fanteria,fan-te-ria
,pesto,pe-sto
,abbastanza,ab-ba-stan-za
,sbadigliare,sba-di-glia-re
,platano,pla-ta-no
,caporale,ca-po-ra-le
,cattivo,cat-ti-vo
,tensione,ten-sio-ne
,passaggio,pas-sag-gio
,specchiarsi,spec-chiar-si
,lì,li
,griglia,gri-glia
,affanno,af-fan-no
,silenzio,si-len-zio
,finimondo,fi-ni-mon-do
,italiano,i-ta-lia-no
,ristampare,ri-stam-pa-re
,siamese,sia-me-se
,gastronomia,ga-stro-no-mia
,laziale,la-zia-le
,autostop,au-to-stop
,gettare,get-ta-re
,foca,fo-ca
,correggere,cor-reg-ge-re
,spingere,spin-ge-re
,opportuno,op-por-tu-no
,prodotto,pro-dot-to
,cranio,cra-nio
,insegna,in-se-gna
,allungare,al-lun-ga-re
,signora,si-gno-ra
,sorgere,sor-ge-re
,frittata,frit-ta-ta
,immaginazione,im-ma-gi-na-zio-ne
,dizionario,di-zio-na-rio
,apparecchiare,ap-pa-rec-chia-re
,pastina,pa-sti-na
,menare,me-na-re
,lavello,la-vel-lo
,coltellata,col-tel-la-ta
,conduttura,con-dut-tu-ra
,soccorrere,soc-cor-re-re
,giardino,giar-di-no
,saporito,sa-po-ri-to
,saggezza,sag-gez-za
,filosofo,fi-lo-so-fo
,ingegneria,in-ge-gne-ria
,espansione,e-span-sio-ne
,chiaro,chia-ro
,onere,o-ne-re
,nord,nord
,postino,po-sti-no
,strada,stra-da
,comparire,com-pa-ri-re
,succhiare,suc-chia-re
,frazione,fra-zio-ne
,candidare,can-di-da-re
,compenso,com-pen-so
,scendere,scen-de-re
,sposare,spo-sa-re
,quindi,quin-di
,sbarramento,sbar-ra-men-to
,amministratore,am-mi-ni-stra-to-re
,sportello,spor-tel-lo
,gruppo,grup-po
,macchina,mac-chi-na
,urgenza,ur-gen-za
,gioioso,gioi-o-so
,talvolta,tal-vol-ta
,ispettore,i-spet-to-re
,sociale,so-cia-le
,pregiudizio,pre-giu-di-zio
,profilo,pro-fi-lo
,schema,sche-ma
,udienza,u-dien-za
,mestolo,me-sto-lo
,lenza,len-za
,lepre,le-pre
,concentrare,con-cen-tra-re
,tomba,tom-ba
,contenitore,con-te-ni-to-re
,oppure,op-pu-re
,messicano,mes-si-ca-no
,esercizio,e-ser-ci-zio
,fascio,fa-scio
,vostro,vo-stro
,campagna,cam-pa-gna
,osservazione,os-ser-va-zio-ne
,riparo,ri-pa-ro
,selva,sel-va
,preoccupato,pre-oc-cu-pa-to
,poco,po-co
,indumento,in-du-men-to
,annotare,Clion S.p.A.
,ognuno,o-gnu-no
,scorso,scor-so
,creatività,cre-a-ti-vi-ta
,cognome,co-gno-me
,lavare,la-va-re
,attentare,at-ten-ta-re
,scorta,scor-ta
,ossia,os-sia
,bevitore,be-vi-to-re
,caramella,ca-ra-mel-la
,mondiale,mon-dia-le
,scappatoia,scap-pa-to-ia
,armare,ar-ma-re
,pessimo,pes-si-mo
,indisciplinato,in-dis-ci-pli-na-to
,funzionario,fun-zio-na-rio
,salvare,sal-va-re
,bocciare,boc-cia-re
,dentifricio,den-ti-fri-cio
,comunque,co-mun-que
,dettare,det-ta-re
,parrucca,par-ruc-ca
,appassionato,ap-pas-sio-na-to
,rischioso,ri-schio-so
,talento,ta-len-to
,fluoro,fluo-ro
,rotaia,ro-ta-ia
,invecchiare,in-vec-chia-re
,approccio,ap-proc-cio
,vitamina,vi-ta-mi-na
,shopping,shop-ping
,spesa,spe-sa
,invincibile,in-vin-ci-bi-le
,rete,re-te
,costare,co-sta-re
,peggio,peg-gio
,premier,pre-mier
,meravigliare,me-ra-vi-glia-re
,palazzina,pa-laz-zi-na
,timore,ti-mo-re
,soggezione,sog-ge-zio-ne
,femmina,fem-mi-na
,tonno,ton-no
,bensì,ben-si
,rimborsare,rim-bor-sa-re
,modo,mo-do
,fare,fa-re
,scout,sco-ut
,storto,stor-to
,impressionare,im-pres-sio-na-re
,sé,se
,insistere,in-si-ste-re
,acceleratore,ac-ce-le-ra-to-re
,infrastruttura,in-fra-strut-tu-ra
,chiusura,chiu-su-ra
,infermiere,in-fer-mie-re
,ripieno,ri-pie-no
,pentirsi,pen-tir-si
,maggiormente,mag-gior-men-te
,giurare,giu-ra-re
,rifugio,ri-fu-gio
,stomaco,sto-ma-co
,esprimere,e-spri-me-re
,persino,per-si-no
,rotella,ro-tel-la
,allargare,al-lar-ga-re
,quaglia,qua-glia
,contattare,con-tat-ta-re
,dolore,do-lo-re
,foto,fo-to
,tappezzare,tap-pez-za-re
,tacchino,tac-chi-no
,interazione,in-te-ra-zio-ne
,altrove,al-tro-ve
,prenotazione,pre-no-ta-zio-ne
,repubblica,re-pub-bli-ca
,schermo,scher-mo
,arte,ar-te
,esagono,e-sa-go-no
,simile,si-mi-le
,essa,es-sa
,cazzata,caz-za-ta
,favorire,fa-vo-ri-re
,piantare,pian-ta-re
,rattristare,rat-tri-sta-re
,salita,sa-li-ta
,periodo,pe-ri-o-do
,capra,ca-pra
,velocemente,ve-lo-ce-men-te
,inseguire,in-se-gui-re
,ritratto,ri-trat-to
,biliardo,bi-liar-do
,tessuto,tes-su-to
,autunno,au-tun-no
,petalo,pe-ta-lo
,lontano,lon-ta-no
,astronave,a-stro-na-ve
,agganciare,ag-gan-cia-re
,sgarbato,sgar-ba-to
,misura,mi-su-ra
,ripresa,ri-pre-sa
,spruzzare,spruz-za-re
,stazione,sta-zio-ne
,adulto,a-dul-to
,polpa,pol-pa
,riunito,riu-ni-to
,esigenza,e-si-gen-za
,lussemburghese,lus-sem-bur-ghe-se
,comma,com-ma
,incomprensibile,in-com-pren-si-bi-le
,oggettivo,og-get-ti-vo
,calcagno,cal-ca-gno
,supporre,sup-por-re
,sconto,scon-to
,segnare,se-gna-re
,specialmente,spe-cial-men-te
,monello,mo-nel-lo
,nazionalità,na-zio-na-li-ta
,operazione,o-pe-ra-zio-ne
,istruttivo,i-strut-ti-vo
,rasare,ra-sa-re
,mister,mi-ster
,gamba,gam-ba
,assassinare,as-sas-si-na-re
,don,don
,ragazza,ra-gaz-za
,portiere,por-tie-re
,slogare,slo-ga-re
,apparentemente,ap-pa-ren-te-men-te
,evadere,e-va-de-re
,carcere,car-ce-re
,agire,a-gi-re
,occasione,oc-ca-sio-ne
,dieci,die-ci
,anima,a-ni-ma
,immobile,im-mo-bi-le
,testimoniare,te-sti-mo-nia-re
,direttamente,di-ret-ta-men-te
,ramo,ra-mo
,transito,trans-i-to
,competere,com-pe-te-re
,terriccio,ter-ric-cio
,francese,fran-ce-se
,archiviare,ar-chi-via-re
,segreteria,se-gre-te-ria
,ingessare,in-ges-sa-re
,moderno,mo-der-no
,pallino,pal-li-no
,guanciale,guan-cia-le
,carro,car-ro
,permettere,per-met-te-re
,sete,se-te
,autorità,au-to-ri-ta
,appalto,ap-pal-to
,energia,e-ner-gia
,vedova,ve-do-va
,cerebrale,ce-re-bra-le
,provolone,pro-vo-lo-ne
,cinguettare,cin-guet-ta-re
,assicurare,as-si-cu-ra-re
,catalogo,ca-ta-lo-go
,brivido,bri-vi-do
,addobbare,ad-dob-ba-re
,toast,to-a-st
,personalità,per-so-na-li-ta
,concludere,con-clu-de-re
,sciocchezza,scioc-chez-za
,slavo,sla-vo
,introdurre,in-tro-dur-re
,sfogare,sfo-ga-re
,frequenza,fre-quen-za
,rilassare,ri-las-sa-re
,fracasso,fra-cas-so
,partenza,par-ten-za
,uomo,uo-mo
,pensare,pen-sa-re
,pizzo,piz-zo
,sopra,so-pra
,saliva,sa-li-va
,protocollo,pro-to-col-lo
,gioiello,gioi-el-lo
,coda,co-da
,tirrenico,tir-re-ni-co
,ricerca,ri-cer-ca
,pagina,pa-gi-na
,solaio,so-la-io
,tivù,ti-vu
,puledro,pu-le-dro
,calzino,cal-zi-no
,puntuale,pun-tua-le
,importante,im-por-tan-te
,susino,su-si-no
,decorato,de-co-ra-to
,tramontare,tra-mon-ta-re
,adattatore,a-dat-ta-to-re
,accennare,ac-cen-na-re
,medesimo,me-de-si-mo
,svolta,svol-ta
,pietra,pie-tra
,ogni,o-gni
,portone,por-to-ne
,peggiorare,peg-gio-ra-re
,agonia,a-go-nia
,scarpone,scar-po-ne
,dimostrazione,di-mo-stra-zio-ne
,posacenere,po-sa-ce-ne-re
,statale,sta-ta-le
,durante,du-ran-te
,sbronza,sbron-za
,penna,pen-na
,intimità,in-ti-mi-ta
,conclusione,con-clu-sio-ne
,previdenza,pre-vi-den-za
,finito,fi-ni-to
,coniugato,co-niu-ga-to
,struzzo,struz-zo
,rallentare,ral-len-ta-re
,terrorismo,ter-ro-ri-smo
,contestare,con-te-sta-re
,meccanismo,mec-ca-ni-smo
,palude,pa-lu-de
,riunire,riu-ni-re
,segno,se-gno
,assenza,as-sen-za
,materiale,ma-te-ria-le
,saltare,sal-ta-re
,scolaro,sco-la-ro
,mucca,muc-ca
,ginnastica,gin-na-sti-ca
,su,su
,pillola,pil-lo-la
,stallone,stal-lo-ne
,impreciso,im-pre-ci-so
,realizzazione,re-a-liz-za-zio-ne
,perdono,per-do-no
,dolcezza,dol-cez-za
,aiutare,a-iu-ta-re
,tranquillità,tran-quil-li-ta
,eterno,e-ter-no
,guidare,gui-da-re
,azienda,a-zien-da
,evocare,e-vo-ca-re
,settentrione,set-ten-trio-ne
,funzionare,fun-zio-na-re
,indimenticabile,in-di-men-ti-ca-bi-le
,indifferente,in-dif-fe-ren-te
,safari,sa-fa-ri
,soddisfatto,sod-dis-fat-to
,preparazione,pre-pa-ra-zio-ne
,innocuo,in-no-cuo
,improvvisamente,im-prov-vi-sa-men-te
,mano,ma-no
,reazione,re-a-zio-ne
,deposizione,de-po-si-zio-ne
,ballo,bal-lo
,ripensare,ri-pen-sa-re
,costruttivo,co-strut-ti-vo
,interessante,in-te-res-san-te
,paragonare,pa-ra-go-na-re
,liquido,li-qui-do
,festeggiare,fe-steg-gia-re
,benché,ben-che
,piccino,pic-ci-no
,abbondare,ab-bon-da-re
,cantina,can-ti-na
,esponente,e-spo-nen-te
,zio,zi-o
,oblò,o-blo
,linguistico,lin-gui-sti-co
,pancarrè,pan-car-re
,bastone,ba-sto-ne
,qui,qui
,privilegio,pri-vi-le-gio
,fantascienza,fan-ta-scien-za
,pannolone,pan-no-lo-ne
,sillaba,sil-la-ba
,attrarre,at-trar-re
,utilità,u-ti-li-ta
,elezione,e-le-zio-ne
,pechinese,pe-chi-ne-se
,rude,ru-de
,interrogativo,in-ter-ro-ga-ti-vo
,masturbare,ma-stur-ba-re
,taleggio,ta-leg-gio
,vibrare,vi-bra-re
,ciao,cia-o
,facciata,fac-cia-ta
,percentuale,per-cen-tua-le
,bello,bel-lo
,inventare,in-ven-ta-re
,ovvero,ov-ve-ro
,recitare,re-ci-ta-re
,cu,cu
,tulipano,tu-li-pa-no
,rivendita,ri-ven-di-ta
,ruttare,rut-ta-re
,web,web
,equivalere,e-qui-va-le-re
,telegramma,te-le-gram-ma
,variabile,va-ria-bi-le
,lavapiatti,la-va-piat-ti
,esaltazione,e-sal-ta-zio-ne
,episodio,e-pi-so-dio
,mutilato,mu-ti-la-to
,occhiaia,oc-chiaia
,mousse,mo-us-se
,granchio,gran-chio
,musicista,mu-si-ci-sta
,infradito,in-fra-di-to
,introduzione,in-tro-du-zio-ne
,polvere,pol-ve-re
,prurito,pru-ri-to
,condizione,con-di-zio-ne
,borsetta,bor-set-ta
,completamente,com-ple-ta-men-te
,sbuffare,sbuf-fa-re
,artificiale,ar-ti-fi-cia-le
,cocaina,co-cai-na
,barbaro,bar-ba-ro
,semolino,se-mo-li-no
,sotto,sot-to
,aggettivo,ag-get-ti-vo
,ricotta,ri-cot-ta
,vitale,vi-ta-le
,inquinato,in-qui-na-to
,ventina,ven-ti-na
,trasparente,tras-pa-ren-te
,lamiera,la-mie-ra
,esilio,e-si-lio
,vertigine,ver-ti-gi-ne
,cupo,cu-po
,lottare,lot-ta-re
,banco,ban-co
,tempesta,tem-pe-sta
,supremo,su-pre-mo
,rustico,ru-sti-co
,atrio,a-trio
,definizione,de-fi-ni-zio-ne
,pallina,pal-li-na
,ringhiare,rin-ghia-re
,congiura,con-giu-ra
,difesa,di-fe-sa
,marcire,mar-ci-re
,amore,a-mo-re
,spagnolo,spa-gno-lo
,pigrizia,pi-gri-zia
,pendere,pen-de-re
,produttivo,pro-dut-ti-vo
,cassetto,cas-set-to
,oggi,og-gi
,rutto,rut-to
,bidè,bi-de
,marionetta,ma-rio-net-ta
,sottofondo,sot-to-fon-do
,più,piu
,team,te-am
,presente,pre-sen-te
,compilare,com-pi-la-re
,labirinto,la-bi-rin-to
,vertebra,ver-te-bra
,gelatina,ge-la-ti-na
,amplificatore,am-pli-fi-ca-to-re
,distributore,dis-tri-bu-to-re
,sdegnare,sde-gna-re
,canapa,ca-na-pa
,tappa,tap-pa
,fontana,fon-ta-na
,polpo,pol-po
,alfabeto,al-fa-be-to
,conveniente,co-n-ve-nien-te
,sostenere,so-ste-ne-re
,tre,tre
,visione,vi-sio-ne
,fisso,fis-so
,mutare,mu-ta-re
,hotel,ho-tel
,scoiattolo,scoi-at-to-lo
,nonno,non-no
,unito,u-ni-to
,finanziare,fi-nan-zia-re
,approvare,ap-pro-va-re
,affare,af-fa-re
,colui,co-lui
,pannocchia,pan-noc-chia
,minestra,mi-ne-stra
,commerciante,com-mer-cian-te
,umbro,um-bro
,cono,co-no
,sicuro,si-cu-ro
,menzogna,men-zo-gna
,alito,a-li-to
,unità,u-ni-ta
,dozzina,doz-zi-na
,odorare,o-do-ra-re
,percepire,per-ce-pi-re
,dimagrante,di-ma-gran-te
,due,due
,commercio,com-mer-cio
,secondario,se-con-da-rio
,siriano,si-ria-no
,romeno,ro-me-no
,funerale,fu-ne-ra-le
,guaio,guai-o
,incastrare,in-ca-stra-re
,smettere,smet-te-re
,casseruola,cas-se-ruo-la
,caratteristica,ca-rat-te-ri-sti-ca
,sovrano,so-vra-no
,termine,ter-mi-ne
,lattante,lat-tan-te
,finestra,fi-ne-stra
,prémaman,pre-ma-man
,neonato,ne-o-na-to
,sensibile,sen-si-bi-le
,mortadella,mor-ta-del-la
,epoca,e-po-ca
,svolgimento,svol-gi-men-to
,appello,ap-pel-lo
,anniversario,an-ni-ver-sa-rio
,mozzarella,moz-za-rel-la
,mito,mi-to
,alimentazione,a-li-men-ta-zio-ne
,tagliere,ta-glie-re
,sconvolgere,sco-n-vol-ge-re
,afa,a-fa
,bit,bit
,salare,sa-la-re
,ok,ok
,crostino,cro-sti-no
,pantofola,pan-to-fo-la
,vino,vi-no
,parte,par-te
,lucciola,luc-cio-la
,seccare,sec-ca-re
,vasca,va-sca
,elastico,e-la-sti-co
,clinica,cli-ni-ca
,necessariamente,ne-ces-sa-ria-men-te
,accordo,ac-cor-do
,attraverso,at-tra-ver-so
,virtuale,vir-tua-le
,determinare,de-ter-mi-na-re
,busta,bu-sta
,alluminio,al-lu-mi-nio
,assorbire,as-sor-bi-re
,maltrattare,mal-trat-ta-re
,traslocare,tras-lo-ca-re
,setta,set-ta
,continuo,con-ti-nuo
,competente,com-pe-ten-te
,chiedere,chie-de-re
,prugna,pru-gna
,scattare,scat-ta-re
,biscotto,bi-scot-to
,graffiare,graf-fia-re
,prezioso,pre-zio-so
,odio,o-dio
,seriamente,se-ria-men-te
,cavallo,ca-val-lo
,splendore,splen-do-re
,margine,mar-gi-ne
,proposito,pro-po-si-to
,torrone,tor-ro-ne
,notaio,no-ta-io
,deludere,de-lu-de-re
,abolire,a-bo-li-re
,punteggio,pun-teg-gio
,osservare,os-ser-va-re
,rigore,ri-go-re
,caso,ca-so
,avanti,a-van-ti
,docile,do-ci-le
,atomica,a-to-mi-ca
,emettere,e-met-te-re
,procura,pro-cu-ra
,prevalere,pre-va-le-re
,padella,pa-del-la
,hobby,hob-by
,home,ho-me
,teologia,te-o-lo-gia
,corda,cor-da
,norvegese,nor-ve-ge-se
,vasto,va-sto
,scrittore,scrit-to-re
,stivaletto,sti-va-let-to
,ottobre,ot-to-bre
,aperto,a-per-to
,mestruazione,me-strua-zio-ne
,resoconto,re-so-con-to
,inaugurare,i-nau-gu-ra-re
,fanciulla,fan-ciul-la
,cotoletta,co-to-let-ta
,passione,pas-sio-ne
,vampiro,vam-pi-ro
,presumere,pre-su-me-re
,meraviglioso,me-ra-vi-glio-so
,premio,pre-mio
,litigare,li-ti-ga-re
,fronte,fron-te
,estrazione,e-stra-zio-ne
,crepaccio,cre-pac-cio
,opposto,op-po-sto
,sprecare,spre-ca-re
,parentesi,pa-ren-te-si
,genovese,ge-no-ve-se
,recupero,re-cu-pe-ro
,colica,co-li-ca
,amministrazione,am-mi-ni-stra-zio-ne
,destinare,de-sti-na-re
,risvegliare,ri-sve-glia-re
,spazzolone,spaz-zo-lo-ne
,il,il
,poiché,poi-che
,offerta,of-fer-ta
,contare,con-ta-re
,esplorare,e-splo-ra-re
,tegame,te-ga-me
,trainare,trai-na-re
,strategia,stra-te-gia
,esperienza,e-spe-rien-za
,cespuglio,ce-spu-glio
,sloveno,slo-ve-no
,panzerotto,pan-ze-rot-to
,fondatore,fon-da-to-re
,incivile,in-ci-vi-le
,augurare,au-gu-ra-re
,astemio,a-ste-mio
,scommessa,scom-mes-sa
,zoppo,zop-po
,tribunale,tri-bu-na-le
,vivace,vi-va-ce
,Ferragosto,fer-ra-go-sto
,cappero,cap-pe-ro
,zeta,ze-ta
,vipera,vi-pe-ra
,tedesco,te-de-sco
,forse,for-se
,sostenitore,so-ste-ni-to-re
,sanitario,sa-ni-ta-rio
,sole,so-le
,sbattere,sbat-te-re
,boh,boh
,ippopotamo,ip-po-po-ta-mo
,penetrare,pe-ne-tra-re
,apparecchiatura,ap-pa-rec-chia-tu-ra
,odore,o-do-re
,incontentabile,in-con-ten-ta-bi-le
,tatuaggio,ta-tuag-gio
,limite,li-mi-te
,esistenza,e-si-sten-za
,vantaggio,van-tag-gio
,modulo,mo-du-lo
,astratto,a-strat-to
,alludere,al-lu-de-re
,angelo,an-ge-lo
,verbale,ver-ba-le
,bomboniera,bom-bo-nie-ra
,attimo,at-ti-mo
,alquanto,a-l-quan-to
,condotta,con-dot-ta
,stimolare,sti-mo-la-re
,sfilata,sfi-la-ta
,garage,ga-ra-ge
,briciola,bri-cio-la
,trionfo,trion-fo
,catrame,ca-tra-me
,pannello,pan-nel-lo
,condominio,con-do-mi-nio
,decidere,de-ci-de-re
,anche,an-che
,liberare,li-be-ra-re
,felice,fe-li-ce
,vomitare,vo-mi-ta-re
,bosco,bo-sco
,restringere,re-strin-ge-re
,scorrere,scor-re-re
,noia,no-ia
,benda,ben-da
,trasferire,tras-fe-ri-re
,determinazione,de-ter-mi-na-zio-ne
,calzoleria,cal-zo-le-ria
,abbondante,ab-bon-dan-te
,bruco,bru-co
,ucraino,u-crai-no
,progetto,pro-get-to
,parecchio,pa-rec-chio
,mammifero,mam-mi-fe-ro
,precedente,pre-ce-den-te
,monaca,mo-na-ca
,ascensore,a-scen-so-re
,frontiera,fron-tie-ra
,locomotiva,lo-co-mo-ti-va
,bottone,bot-to-ne
,compagnia,com-pa-gnia
,sposo,spo-so
,bottiglia,bot-ti-gli-a
,ospitalità,o-spi-ta-li-ta
,realtà,re-al-ta
,disturbo,dis-tur-bo
,allattare,al-lat-ta-re
,rumeno,ru-me-no
,estrarre,e-strar-re
,scena,sce-na
,metallico,me-tal-li-co
,dietetico,die-te-ti-co
,peluche,pe-lu-che
,reddito,red-di-to
,persiana,per-sia-na
,ordinanza,or-di-nan-za
,spiedino,spie-di-no
,genitore,ge-ni-to-re
,attivo,at-ti-vo
,segretario,se-gre-ta-rio
,falso,fal-so
,giordano,gior-da-no
,lavoro,la-vo-ro
,però,pe-ro
,universale,u-ni-ver-sa-le
,cascata,ca-sca-ta
,continuità,con-ti-nui-ta
,mimosa,mi-mo-sa
,bustina,bu-sti-na
,capogiro,ca-po-gi-ro
,settembre,set-tem-bre
,attenere,at-te-ne-re
,impermeabile,im-per-me-a-bi-le
,castello,ca-stel-lo
,capriccio,ca-pric-cio
,accavallare,ac-ca-val-la-re
,ritorno,ri-tor-no
,ombra,om-bra
,fantoccio,fan-toc-cio
,gay,gay
,rituale,ri-tua-le
,lanciare,lan-cia-re
,igiene,i-gie-ne
,proiettare,proi-et-ta-re
,sperimenale,spe-ri-me-na-le
,cavalcare,ca-val-ca-re
,fidanzamento,fi-dan-za-men-to
,bistecca,bi-stec-ca
,dedurre,de-dur-re
,formaggino,for-mag-gi-no
,viziare,vi-zia-re
,osare,o-sa-re
,efficiente,ef-fi-cien-te
,bisogno,bi-so-gno
,architettare,ar-chi-tet-ta-re
,bizzarro,biz-zar-ro
,stabilità,sta-bi-li-ta
,scalinata,sca-li-na-ta
,spasso,spas-so
,oddio,od-dio
,dollaro,dol-la-ro
,consistenza,con-si-sten-za
,apprendimento,ap-pren-di-men-to
,complicato,com-pli-ca-to
,ecologico,e-co-lo-gi-co
,lasciare,la-scia-re
,persona,per-so-na
,croato,cro-a-to
,toppa,top-pa
,peloso,pe-lo-so
,prenotare,pre-no-ta-re
,elettricità,e-let-tri-ci-ta
,tavolino,ta-vo-li-no
,sbadato,sba-da-to
,bacheca,ba-che-ca
,denominare,de-no-mi-na-re
,criniera,cri-nie-ra
,improvvisare,im-prov-vi-sa-re
,sofà,so-fa
,industriale,in-du-stria-le
,sottolio,sot-to-lio
,chiacchiera,chiac-chie-ra
,impegnato,im-pe-gna-to
,artista,ar-ti-sta
,cima,ci-ma
,dire,di-re
,mugnaio,mu-gnai-o
,striscia,stri-scia
,arco,ar-co
,replicare,re-pli-ca-re
,buonafede,buo-na-fe-de
,viziato,vi-zia-to
,procedimento,pro-ce-di-men-to
,suono,suo-no
,istanza,i-stan-za
,svolazzare,svo-laz-za-re
,protetto,pro-tet-to
,ricominciare,ri-co-min-cia-re
,pene,pe-ne
,omonimo,o-mo-ni-mo
,protezione,pro-te-zio-ne
,esplodere,e-splo-de-re
,insuccesso,in-suc-ces-so
,intitolare,in-ti-to-la-re
,abile,a-bi-le
,macinare,ma-ci-na-re
,sogno,so-gno
,ferramenta,fer-ra-men-ta
,scintilla,scin-til-la
,mediterraneo,me-di-ter-ra-ne-o
,osso,os-so
,farmaco,far-ma-co
,chiosco,chio-sco
,gestione,ge-stio-ne
,rapire,ra-pi-re
,baccalà,bac-ca-la
,ricercatore,ri-cer-ca-to-re
,confortare,con-for-ta-re
,vuoto,vuo-to
,indossare,in-dos-sa-re
,sostare,so-sta-re
,arrivo,ar-ri-vo
,marchio,mar-chio
,posteriore,po-ste-rio-re
,clistere,cli-ste-re
,luogo,luo-go
,ritornello,ri-tor-nel-lo
,colorante,co-lo-ran-te
,traccia,trac-cia
,rivincita,ri-vin-ci-ta
,utilizzo,u-ti-liz-zo
,accusare,ac-cu-sa-re
,liberamente,li-be-ra-men-te
,strategico,stra-te-gi-co
,gallese,gal-le-se
,ricamo,ri-ca-mo
,nove,no-ve
,nascondino,na-scon-di-no
,espresso,e-spres-so
,sacchetto,sac-chet-to
,cobra,co-bra
,concesso,con-ces-so
,recintare,re-cin-ta-re
,sopravvalutare,so-prav-va-lu-ta-re
,negazione,ne-ga-zio-ne
,repressione,re-pres-sio-ne
,vestire,ve-sti-re
,rigido,ri-gi-do
,successione,suc-ces-sio-ne
,utilizzare,u-ti-liz-za-re
,manica,ma-ni-ca
,perdere,per-de-re
,dono,do-no
,riga,ri-ga
,bresaola,bre-sa-o-la
,patetico,pa-te-ti-co
,teschio,te-schio
,panettone,pa-net-to-ne
,generare,ge-ne-ra-re
,assicurazione,as-si-cu-ra-zio-ne
,fuggire,fug-gi-re
,nido,ni-do
,arrivare,ar-ri-va-re
,incasso,in-cas-so
,fornire,for-ni-re
,passivo,pas-si-vo
,nuvoloso,nu-vo-lo-so
,fila,fi-la
,morto,mor-to
,integrale,in-te-gra-le
,sardina,sar-di-na
,triangolo,trian-go-lo
,capanna,ca-pan-na
,malattia,mal-at-tia
,abbreviare,ab-bre-via-re
,ritirare,ri-ti-ra-re
,basare,ba-sa-re
,ignorare,i-gno-ra-re
,vista,vi-sta
,coccodrillo,coc-co-dril-lo
,rapidamente,ra-pi-da-men-te
,incaricare,in-ca-ri-ca-re
,offesa,of-fe-sa
,favoloso,fa-vo-lo-so
,danza,dan-za
,decisione,de-ci-sio-ne
,fibbia,fib-bia
,criminale,cri-mi-na-le
,guarnizione,guar-ni-zio-ne
,nazista,na-zi-sta
,malinteso,mal-in-te-so
,rude,Clion S.p.A.
,cortesia,cor-te-sia
,correttamente,cor-ret-ta-men-te
,raramente,ra-ra-men-te
,spendere,spen-de-re
,consueto,con-sue-to
,gorgonzola,gor-gon-zo-la
,lingerie,lin-ge-rie
,potentino,po-ten-ti-no
,dato,da-to
,cristiano,cri-stia-no
,incominciare,in-co-min-cia-re
,fascismo,fa-sci-smo
,dopo,do-po
,droga,dro-ga
,trofeo,tro-fe-o
,nube,nu-be
,integrare,in-te-gra-re
,sindrome,sin-dro-me
,fatturato,fat-tu-ra-to
,promuovere,pro-muo-ve-re
,operaio,o-pe-ra-io
,lampada,lam-pa-da
,miracolo,mi-ra-co-lo
,spray,spray
,seme,se-me
,locanda,lo-can-da
,profitto,pro-fit-to
,attingere,at-tin-ge-re
,descrivere,de-scri-ve-re
,calore,ca-lo-re
,esaltare,e-sal-ta-re
,prestigioso,pre-sti-gio-so
,prescrivere,pre-scri-ve-re
,velenoso,ve-le-no-so
,stampare,stam-pa-re
,impianto,im-pian-to
,crudele,cru-de-le
,scadere,sca-de-re
,elettronico,e-let-tro-ni-co
,ammazzare,am-maz-za-re
,fedele,fe-de-le
,leggenda,leg-gen-da
,tuttavia,tut-ta-via
,mantenere,man-te-ne-re
,gelido,ge-li-do
,normalmente,nor-mal-men-te
,ciò,cio
,suonare,suo-na-re
,tornio,tor-nio
,rapina,ra-pi-na
,avvantaggiare,av-van-tag-gia-re
,indigestione,in-di-ge-stio-ne
,municipio,mu-ni-ci-pio
,aggiungere,ag-giun-ge-re
,remoto,re-mo-to
,dovuto,do-vu-to
,energetico,e-ner-ge-ti-co
,sfidare,sfi-da-re
,nonché,non-che
,obiettivo,o-biet-ti-vo
,minoranza,mi-no-ran-za
,ottenere,ot-te-ne-re
,undici,un-di-ci
,stronzata,stron-za-ta
,spazzolino,spaz-zo-li-no
,quale,qua-le
,come,co-me
,band,band
,orgoglioso,or-go-glio-so
,profumo,pro-fu-mo
,estremo,e-stre-mo
,professionale,pro-fes-sio-na-le
,tappetino,tap-pe-ti-no
,volenteroso,vo-len-te-ro-so
,canadese,ca-na-de-se
,scegliere,sce-glie-re
,marcare,mar-ca-re
,torinese,to-ri-ne-se
,dirigente,di-ri-gen-te
,emigrazione,e-mi-gra-zio-ne
,motociclista,mo-to-ci-cli-sta
,rapimento,ra-pi-men-to
,ambulanza,am-bu-lan-za
,divorare,di-vo-ra-re
,avviamento,av-via-men-to
,fiume,fiu-me
,superiore,su-pe-rio-re
,costume,co-stu-me
,novanta,no-van-ta
,letterale,let-te-ra-le
,rubare,ru-ba-re
,generazione,ge-ne-ra-zio-ne
,accogliere,ac-co-glie-re
,amoroso,a-mo-ro-so
,cazzo,caz-zo
,diploma,di-plo-ma
,semplice,sem-pli-ce
,accurato,ac-cu-ra-to
,adriatico,a-dria-ti-co
,esecuzione,e-se-cu-zio-ne
,baracca,ba-rac-ca
,felino,fe-li-no
,tasto,ta-sto
,sbucciare,sbuc-cia-re
,puzza,puz-za
,scatenare,sca-te-na-re
,esplosione,e-splo-sio-ne
,balena,ba-le-na
,proseguire,pro-se-gui-re
,ironia,i-ro-nia
,invidiare,in-vi-dia-re
,ettaro,et-ta-ro
,flora,flo-ra
,artiglio,ar-ti-glio
,emiliano,e-mi-lia-no
,immaginario,im-ma-gi-na-rio
,gambero,gam-be-ro
,nascita,na-sci-ta
,opporre,op-por-re
,portaombrelli,por-ta-om-brel-li
,ritirata,ri-ti-ra-ta
,aquila,a-qui-la
,talpa,tal-pa
,filmato,fil-ma-to
,giudicare,giu-di-ca-re
,pronuncia,pro-nun-cia
,signorina,si-gno-ri-na
,rapinatore,ra-pi-na-to-re
,pappagallo,pap-pa-gal-lo
,riscaldamento,ri-scal-da-men-to
,infuso,in-fu-so
,signore,si-gno-re
,birra,bir-ra
,mostra,mo-stra
,ortaggio,or-tag-gio
,fenomeno,fe-no-me-no
,autotreno,au-to-tre-no
,manodopera,ma-no-do-pe-ra
,secolo,se-co-lo
,comprensione,com-pren-sio-ne
,imputato,im-pu-ta-to
,amaro,a-ma-ro
,abito,a-bi-to
,viaggiatore,viag-gia-to-re
,lanterna,lan-ter-na
,dialogare,dia-lo-ga-re
,fieno,fie-no
,pozzo,poz-zo
,modernità,mo-der-ni-ta
,alcol,al-col
,cuocere,cuo-ce-re
,aggressivo,ag-gres-si-vo
,moneta,mo-ne-ta
,cameriere,ca-me-rie-re
,comunione,co-mu-nio-ne
,fossetta,fos-set-ta
,carcassa,car-cas-sa
,corrispondenza,cor-ri-spon-den-za
,lancio,lan-cio
,ringhiera,rin-ghie-ra
,dado,da-do
,illuminare,il-lu-mi-na-re
,ricostruzione,ri-co-stru-zio-ne
,emozionato,e-mo-zio-na-to
,violenza,vio-len-za
,storta,stor-ta
,restare,re-sta-re
,odiare,o-dia-re
,aggiustare,ag-giu-sta-re
,eccellenza,ec-cel-len-za
,semaforo,se-ma-fo-ro
,uscire,u-sci-re
,causare,cau-sa-re
,efficacia,ef-fi-ca-cia
,rapido,ra-pi-do
,scapito,sca-pi-to
,geometria,ge-o-me-tria
,scivolata,sci-vo-la-ta
,culturale,cul-tu-ra-le
,figura,fi-gu-ra
,natale,na-ta-le
,box,box
,fama,fa-ma
,caserma,ca-ser-ma
,digiunare,di-giu-na-re
,materia,ma-te-ria
,imperare,im-pe-ra-re
,sessanta,ses-san-ta
,saldatura,sal-da-tu-ra
,servire,ser-vi-re
,soffriggere,sof-frig-ge-re
,considerare,con-si-de-ra-re
,borghesia,bor-ghe-sia
,istituzionale,i-sti-tu-zio-na-le
,obbedire,ob-be-di-re
,indicare,in-di-ca-re
,concordare,con-cor-da-re
,pervenire,per-ve-ni-re
,onestamente,o-ne-sta-men-te
,maniera,ma-nie-ra
,sabotare,sa-bo-ta-re
,affitto,af-fit-to
,inquinamento,in-qui-na-men-to
,carattere,ca-rat-te-re
,carnagione,car-na-gio-ne
,intuire,in-tui-re
,sottinteso,sot-tin-te-so
,discusso,dis-cus-so
,robot,ro-bot
,inizialmente,i-ni-zial-men-te
,scure,scu-re
,strumento,stru-men-to
,sbarbare,sbar-ba-re
,fragile,fra-gi-le
,ignoto,i-gno-to
,valorizzare,va-lo-riz-za-re
,editore,e-di-to-re
,braccio,brac-cio
,fascicolo,fa-sci-co-lo
,anzi,an-zi
,maltese,mal-te-se
,oltretutto,ol-tre-tut-to
,necessitare,ne-ces-si-ta-re
,finora,fi-no-ra
,verme,ver-me
,contraddizione,con-trad-di-zio-ne
,alga,al-ga
,inverno,in-ver-no
,strato,stra-to
,cucire,cu-ci-re
,vandalo,van-da-lo
,bordo,bor-do
,intravedere,in-tra-ve-de-re
,sinceramente,sin-ce-ra-men-te
,napoletano,na-po-le-ta-no
,lutto,lut-to
,sbronzo,sbron-zo
,vigilia,vi-gi-lia
,capodanno,ca-po-dan-no
,fretta,fret-ta
,resto,re-sto
,prevalentemente,pre-va-len-te-men-te
,suicidio,sui-ci-dio
,conosciuto,co-no-sciu-to
,giornalista,gior-na-li-sta
,sanguisuga,san-gui-su-ga
,abruzzese,a-bruz-ze-se
,turbare,tur-ba-re
,ascia,a-scia
,obbligo,ob-bli-go
,poker,po-ker
,vergogna,ver-go-gna
,disprezzo,di-sprez-zo
,misurare,mi-su-ra-re
,vacanza,va-can-za
,lezione,le-zio-ne
,trattenere,trat-te-ne-re
,prevedere,pre-ve-de-re
,stendibiancheria,sten-di-bian-che-ria
,tossire,tos-si-re
,leggero,leg-ge-ro
,smentire,smen-ti-re
,susina,su-si-na
,vanga,van-ga
,dinosauro,di-no-sau-ro
,bicchiere,bic-chie-re
,neanche,ne-an-che
,ricreazione,ri-cre-a-zio-ne
,ignoranza,i-gno-ran-za
,conquista,con-qui-sta
,viceversa,vi-ce-ver-sa
,incrinare,in-cri-na-re
,altezza,al-tez-za
,crescita,cre-sci-ta
,indescrivibile,in-de-scri-vi-bi-le
,mensola,men-so-la
,organo,or-ga-no
,profondo,pro-fon-do
,territoriale,ter-ri-to-ria-le
,look,lo-ok
,laureare,lau-re-a-re
,andamento,an-da-men-to
,sorpassare,sor-pas-sa-re
,socialdemocratico,so-cial-de-mo-cra-ti-co
,annaffiare,an-naf-fia-re
,narrazione,nar-ra-zio-ne
,perugino,pe-ru-gi-no
,offline,of-fli-ne
,bolzanino,bol-za-ni-no
,strillo,stril-lo
,stagione,sta-gio-ne
,domandare,do-man-da-re
,carciofino,car-cio-fi-no
,giungere,giun-ge-re
,discoteca,dis-co-te-ca
,comparsa,com-par-sa
,monitor,mo-ni-tor
,zampogna,zam-po-gna
,bucare,bu-ca-re
,chimico,chi-mi-co
,infezione,in-fe-zio-ne
,riconoscimento,ri-co-no-sci-men-to
,spostare,spo-sta-re
,massacro,mas-sa-cro
,grandine,gran-di-ne
,grossista,gros-si-sta
,violazione,vio-la-zio-ne
,suddividere,sud-di-vi-de-re
,guadagno,gua-da-gno
,professoressa,pro-fes-so-res-sa
,geloso,ge-lo-so
,peraltro,pe-ral-tro
,ortolano,or-to-la-no
,tecnologia,tec-no-lo-gia
,basilica,ba-si-li-ca
,compatto,com-pat-to
,forte,for-te
,affidamento,af-fi-da-men-to
,risarcimento,ri-sar-ci-men-to
,scaldabagno,scal-da-ba-gno
,accoglienza,ac-co-glien-za
,gnocco,gnoc-co
,stabile,sta-bi-le
,vegetale,ve-ge-ta-le
,cigno,ci-gno
,dichiarazione,di-chia-ra-zio-ne
,intelligente,in-tel-li-gen-te
,tentare,ten-ta-re
,installare,in-stal-la-re
,assai,as-sai
,battipanni,bat-ti-pan-ni
,imitare,i-mi-ta-re
,orgoglio,or-go-glio
,altare,al-ta-re
,stupendo,stu-pen-do
,guida,gui-da
,antichità,an-ti-chi-ta
,fiaba,fia-ba
,stanco,stan-co
,tuttora,tut-to-ra
,incuriosire,in-cu-rio-si-re
,favore,fa-vo-re
,cristallo,cri-stal-lo
,presupposto,pre-sup-po-sto
,rispetto,ri-spet-to
,differenza,dif-fe-ren-za
,presentazione,pre-sen-ta-zio-ne
,votazione,vo-ta-zio-ne
,terrestre,ter-re-stre
,trattare,trat-ta-re
,tutto,tut-to
,scarlattina,scar-lat-ti-na
,cacciavite,cac-cia-vi-te
,fase,fa-se
,trota,tro-ta
,sogliola,so-glio-la
,specialista,spe-cia-li-sta
,fabbrica,fab-bri-ca
,citato,ci-ta-to
,fortemente,for-te-men-te
,giallo,gial-lo
,corretto,cor-ret-to
,ammaccare,am-mac-ca-re
,perché,per-che
,esame,e-sa-me
,hyperlink,h-y-per-li-nk
,pasqua,pa-squa
,forma,for-ma
,cortile,cor-ti-le
,fondamentale,fon-da-men-ta-le
,anticipo,an-ti-ci-po
,elemosina,e-le-mo-si-na
,protestare,pro-te-sta-re
,compiangere,com-pian-ge-re
,specifico,spe-ci-fi-co
,manganello,man-ga-nel-lo
,scusare,scu-sa-re
,diciotto,di-ciot-to
,israeliano,i-sra-e-lia-no
,scolpire,scol-pi-re
,novità,no-vi-ta
,sebbene,seb-ben-e
,torero,to-re-ro
,sciame,scia-me
,beneficenza,ben-e-fi-cen-za
,confezione,con-fe-zio-ne
,verbo,ver-bo
,preferito,pre-fe-ri-to
,ribadire,ri-ba-di-re
,islamico,i-sla-mi-co
,coscienza,co-scien-za
,ansia,an-sia
,riscontrare,ri-scon-tra-re
,matematico,ma-te-ma-ti-co
,richiamo,ri-chia-mo
,doccia,doc-cia
,finché,fin-che
,pensione,pen-sio-ne
,castagna,ca-sta-gna
,alloggio,al-log-gio
,individuo,in-di-vi-duo
,vendetta,ven-det-ta
,vocabolario,vo-ca-bo-la-rio
,comprendere,com-pren-de-re
,prevenzione,pre-ven-zio-ne
,falco,fal-co
,impazzire,im-paz-zi-re
,beffa,bef-fa
,aula,au-la
,cancellatura,can-cel-la-tu-ra
,commerciale,com-mer-cia-le
,ortica,or-ti-ca
,nano,na-no
,rassegnazione,ras-se-gna-zio-ne
,adeguare,a-de-gua-re
,shampoo,sham-po-o
,firma,fir-ma
,così,co-si
,scorgere,scor-ge-re
,prete,pre-te
,volume,vo-lu-me
,ritardo,ri-tar-do
,rifugiare,ri-fu-gia-re
,fucile,fu-ci-le
,ciuffo,ciuf-fo
,oliare,o-lia-re
,marea,ma-re-a
,imprigionare,im-pri-gio-na-re
,incluso,in-clu-so
,solito,so-li-to
,ragazzo,ra-gaz-zo
,europeo,eu-ro-pe-o
,sgrassatore,sgras-sa-to-re
,battuta,bat-tu-ta
,riscaldare,ri-scal-da-re
,marinaio,ma-ri-na-io
,prosciutto,pro-sciut-to
,seppellire,sep-pel-li-re
,spogliatoio,spo-glia-to-io
,esagerazione,e-sa-ge-ra-zio-ne
,uno,u-no
,terminare,ter-mi-na-re
,paracadute,pa-ra-ca-du-te
,catastrofe,ca-ta-stro-fe
,anteriore,an-te-rio-re
,regista,re-gi-sta
,ideale,i-de-a-le
,tunnel,tun-nel
,giorno,gior-no
,ammucchiare,am-muc-chia-re
,pescatore,pe-sca-to-re
,cibare,ci-ba-re
,rimediare,ri-me-dia-re
,balletto,bal-let-to
,avvelenare,av-ve-le-na-re
,richiedere,ri-chie-de-re
,candido,can-di-do
,carnevale,car-ne-va-le
,ghiro,ghi-ro
,prassi,pras-si
,scalata,sca-la-ta
,accumulare,ac-cu-mu-la-re
,drogato,dro-ga-to
,magico,ma-gi-co
,drago,dra-go
,gemello,ge-mel-lo
,ove,o-ve
,veneziano,ve-ne-zia-no
,svenire,sve-ni-re
,intercettare,in-ter-cet-ta-re
,guinzaglio,guin-za-glio
,colosso,co-los-so
,cronaca,cro-na-ca
,eccezionale,ec-ce-zio-na-le
,montaggio,mon-tag-gio
,dimostrare,di-mo-stra-re
,commuovere,com-muo-ve-re
,marketing,ma-r-ke-ting
,stare,sta-re
,affettuoso,af-fet-tuo-so
,arredamento,ar-re-da-men-to
,limare,li-ma-re
,notturno,not-tur-no
,variazione,va-ria-zio-ne
,stimolo,sti-mo-lo
,oscurare,o-scu-ra-re
,passeggiare,pas-seg-gia-re
,compatibile,com-pa-ti-bi-le
,salute,sa-lu-te
,lungo,lun-go
,divertente,di-ver-ten-te
,squarcio,squar-cio
,singolare,sin-go-la-re
,compiere,com-pie-re
,individuale,in-di-vi-dua-le
,inseparabile,in-se-pa-ra-bi-le
,finlandese,fin-lan-de-se
,bracciante,brac-cian-te
,ovviamente,ov-via-men-te
,cuore,cuo-re
,lavanderia,la-van-de-ria
,ferie,fe-rie
,ossessione,os-ses-sio-ne
,ricovero,ri-co-ve-ro
,bastonare,ba-sto-na-re
,beh,beh
,crostaceo,cro-sta-ce-o
,elmo,el-mo
,tunica,tu-ni-ca
,finto,fin-to
,significare,si-gni-fi-ca-re
,orzo,or-zo
,terrazzo,ter-raz-zo
,nono,no-no
,correre,cor-re-re
,agrume,ag-ru-me
,giardinaggio,giar-di-nag-gio
,bruciare,bru-cia-re
,petrolio,pe-tro-lio
,spettinare,spet-ti-na-re
,rilievo,ri-lie-vo
,prudere,pru-de-re
,ferito,fe-ri-to
,proposizione,pro-po-si-zio-ne
,rivisto,ri-vi-sto
,edicola,e-di-co-la
,adolescenza,a-do-le-scen-za
,padronato,pa-dro-na-to
,cavatappi,ca-va-tap-pi
,vaso,va-so
,evento,e-ven-to
,estetico,e-ste-ti-co
,indietreggiare,in-die-treg-gia-re
,maledizione,mal-e-di-zio-ne
,indipendente,in-di-pen-den-te
,collegio,col-le-gio
,panorama,pa-no-ra-ma
,linguistica,lin-gui-sti-ca
,somigliare,so-mi-glia-re
,garanzia,ga-ran-zia
,canale,ca-na-le
,zoccolo,zoc-co-lo
,ingorgo,in-gor-go
,furgone,fur-go-ne
,finanziatore,fi-nan-zia-to-re
,melanzana,me-lan-za-na
,urtare,ur-ta-re
,tondo,ton-do
,liberazione,li-be-ra-zio-ne
,provocare,pro-vo-ca-re
,terzo,ter-zo
,pittura,pit-tu-ra
,denso,den-so
,elettorale,e-let-to-ra-le
,tutore,tu-to-re
,anonimo,a-no-ni-mo
,matricola,ma-tri-co-la
,avvolgere,av-vol-ge-re
,crema,cre-ma
,professionista,pro-fes-sio-ni-sta
,scaffale,scaf-fa-le
,fede,fe-de
,zattera,zat-te-ra
,intorno,in-tor-no
,ammobiliare,am-mo-bi-lia-re
,rimodernare,ri-mo-der-na-re
,masticare,ma-sti-ca-re
,nobile,no-bi-le
,rivolgere,ri-vol-ge-re
,gene,ge-ne
,magia,ma-gia
,seduttore,se-dut-to-re
,psichico,p-si-chi-co
,grammo,gram-mo
,dolere,do-le-re
,papavero,pa-pa-ve-ro
,abbagliante,ab-ba-glian-te
,domenica,do-me-ni-ca
,tamburo,tam-bu-ro
,cogliere,co-glie-re
,giardiniera,giar-di-nie-ra
,suggerire,sug-ge-ri-re
,mollusco,mol-lu-sco
,acido,a-ci-do
,negativo,ne-ga-ti-vo
,suggerimento,sug-ge-ri-men-to
,addrizzare,ad-driz-za-re
,ideare,i-de-a-re
,biondo,bion-do
,guidatore,gui-da-to-re
,principe,prin-ci-pe
,rivelazione,ri-ve-la-zio-ne
,annullare,an-nul-la-re
,respiro,re-spi-ro
,condoglianza,con-do-glian-za
,prezzo,prez-zo
,asma,a-sma
,accedere,ac-ce-de-re
,sostituzione,so-sti-tu-zio-ne
,evidenza,e-vi-den-za
,vittima,vit-ti-ma
,terrore,ter-ro-re
,pescheria,pe-sche-ria
,formare,for-ma-re
,geometrico,ge-o-me-tri-co
,pulire,pu-li-re
,noioso,no-io-so
,suggestivo,sug-ge-sti-vo
,padrona,pa-dro-na
,foresta,fo-re-sta
,fatica,fa-ti-ca
,lozione,lo-zio-ne
,radice,ra-di-ce
,biglietteria,bi-gliet-te-ria
,piega,pie-ga
,compagno,com-pa-gno
,attacco,at-tac-co
,debolezza,de-bo-lez-za
,illustrare,il-lu-stra-re
,favorevole,fa-vo-re-vo-le
,spaventato,spa-ven-ta-to
,spogliare,spo-glia-re
,errore,er-ro-re
,imparare,im-pa-ra-re
,riproduzione,ri-pro-du-zio-ne
,stregare,stre-ga-re
,fauna,fau-na
,notte,not-te
,divorziare,di-vor-zia-re
,campobassano,cam-po-bas-sa-no
,discendere,dis-cen-de-re
,forno,for-no
,acquisire,ac-qui-si-re
,ritenere,ri-te-ne-re
,pasticca,pa-stic-ca
,sporcare,spor-ca-re
,soggiorno,sog-gior-no
,motoscafo,mo-to-sca-fo
,uguale,u-gua-le
,computer,com-pu-ter
,quadro,qua-dro
,accetta,ac-cet-ta
,imprevisto,im-pre-vi-sto
,duecento,due-cen-to
,salone,sa-lo-ne
,citazione,ci-ta-zio-ne
,annacquare,an-nac-qua-re
,influenzare,in-fluen-za-re
,polsino,pol-si-no
,colata,co-la-ta
,maleducato,mal-e-du-ca-to
,innamorato,in-na-mo-ra-to
,sperimentazione,spe-ri-men-ta-zio-ne
,ragazzino,ra-gaz-zi-no
,sensuale,sen-sua-le
,incamminare,in-cam-mi-na-re
,pezzetto,pez-zet-to
,puntiglio,pun-ti-glio
,epifania,e-pi-fa-nia
,chiarire,chia-ri-re
,severo,se-ve-ro
,scansare,scan-sa-re
,covo,co-vo
,marmellata,mar-mel-la-ta
,inchiesta,in-chie-sta
,fornaio,for-na-io
,assordare,as-sor-da-re
,caricare,ca-ri-ca-re
,pulsante,pul-san-te
,idiota,i-dio-ta
,combattimento,com-bat-ti-men-to
,regione,re-gio-ne
,tortora,tor-to-ra
,muscolare,mu-sco-la-re
,benestante,ben-e-stan-te
,rinfresco,rin-fre-sco
,durare,du-ra-re
,ostrica,o-stri-ca
,laccio,lac-cio
,maceria,ma-ce-ria
,commedia,com-me-dia
,proiezione,proi-e-zio-ne
,pressione,pres-sio-ne
,umore,u-mo-re
,pettinare,pet-ti-na-re
,delicatezza,de-li-ca-tez-za
,vomito,vo-mi-to
,rito,ri-to
,prelevare,pre-le-va-re
,mascarpone,ma-scar-po-ne
,compassione,com-pas-sio-ne
,sostanzialmente,so-stan-zial-men-te
,puzzare,puz-za-re
,fisicamente,fi-si-ca-men-te
,sosta,so-sta
,chiuso,chiu-so
,accelerazione,ac-ce-le-ra-zio-ne
,informatico,in-for-ma-ti-co
,rovina,ro-vi-na
,lei,lei
,umiliare,u-mi-lia-re
,rifiuto,ri-fiu-to
,pratico,pra-ti-co
,collaborazione,col-la-bo-ra-zio-ne
,catasta,ca-ta-sta
,archeologo,ar-che-o-lo-go
,stupito,stu-pi-to
,spinta,spin-ta
,calzolaio,cal-zo-la-io
,avversario,av-ver-sa-rio
,marito,ma-ri-to
,deputato,de-pu-ta-to
,verticale,ver-ti-ca-le
,fegato,fe-ga-to
,tour,to-ur
,lenticchia,len-tic-chia
,eccessivo,ec-ces-si-vo
,corteccia,cor-tec-cia
,confessore,con-fes-so-re
,statua,sta-tua
,forestale,fo-re-sta-le
,farina,fa-ri-na
,detersivo,de-ter-si-vo
,quaderno,qua-der-no
,rilevante,ri-le-van-te
,congresso,con-gres-so
,global,glo-bal
,imperatore,im-pe-ra-to-re
,prato,pra-to
,proibire,proi-bi-re
,saliera,sa-lie-ra
,nascere,na-sce-re
,strappare,strap-pa-re
,precipitare,pre-ci-pi-ta-re
,gallina,gal-li-na
,vincente,vin-cen-te
,spaventare,spa-ven-ta-re
,gomito,go-mi-to
,liberale,li-be-ra-le
,autobotte,au-to-bot-te
,cipresso,ci-pres-so
,metà,me-ta
,biologia,bio-lo-gia
,pizzeria,piz-ze-ria
,profeta,pro-fe-ta
,tostapane,to-sta-pa-ne
,nipote,ni-po-te
,tacco,tac-co
,esso,es-so
,sbagliare,sba-glia-re
,gioco,gio-co
,medicare,me-di-ca-re
,revisione,re-vi-sio-ne
,seguente,se-guen-te
,toilette,toi-let-te
,qualora,qua-lo-ra
,polveroso,pol-ve-ro-so
,tabella,ta-bel-la
,contrastare,con-tras-ta-re
,acqua,ac-qua
,scienza,scien-za
,svedese,sve-de-se
,sicurezza,si-cu-rez-za
,ammorbidente,am-mor-bi-den-te
,inquadrare,in-qua-dra-re
,frequente,fre-quen-te
,risentire,ri-sen-ti-re
,silenzioso,si-len-zio-so
,detenuto,de-te-nu-to
,spensierato,spen-sie-ra-to
,informare,in-for-ma-re
,sputare,spu-ta-re
,attrazione,at-tra-zio-ne
,stoppa,stop-pa
,bufalo,bu-fa-lo
,imbarazzante,im-ba-raz-zan-te
,rovo,ro-vo
,governatore,go-ver-na-to-re
,tonaca,to-na-ca
,obbligatorio,ob-bli-ga-to-rio
,ballerina,bal-le-ri-na
,oppressore,op-pres-so-re
,regalare,re-ga-la-re
,internet,in-ter-net
,rasoio,ra-so-io
,elaborare,e-la-bo-ra-re
,spia,spia
,addomesticare,ad-do-me-sti-ca-re
,bella,bel-la
,sinistra,si-ni-stra
,familiare,fa-mi-lia-re
,voi,voi
,sanzione,san-zio-ne
,evidenziatore,e-vi-den-zia-to-re
,capitano,ca-pi-ta-no
,divieto,di-vie-to
,scalpello,scal-pel-lo
,vendicare,ven-di-ca-re
,tasca,ta-sca
,muscolo,mu-sco-lo
,università,u-ni-ver-si-ta
,reclamo,re-cla-mo
,contentezza,con-ten-tez-za
,minigonna,mi-ni-gon-na
,afferrare,af-fer-ra-re
,inquinare,in-qui-na-re
,contrasto,con-tras-to
,carburante,car-bu-ran-te
,mezzogiorno,mez-zo-gior-no
,minacciare,mi-nac-cia-re
,test,te-st
,rispettivamente,ri-spet-ti-va-men-te
,derubare,de-ru-ba-re
,abbronzare,ab-bron-za-re
,nuovamente,nuo-va-men-te
,single,sin-gle
,laterale,la-te-ra-le
,mago,ma-go
,accampamento,ac-cam-pa-men-to
,acconsentire,ac-con-sen-ti-re
,pianoterra,pia-no-ter-ra
,matita,ma-ti-ta
,rinchiudere,rin-chiu-de-re
,sorvegliare,sor-ve-glia-re
,giustamente,giu-sta-men-te
,coglione,co-glio-ne
,lucertola,lu-cer-to-la
,quattro,quat-tro
,bronchite,bron-chi-te
,rovescio,ro-ve-scio
,tacere,ta-ce-re
,nocciola,noc-cio-la
,latte,lat-te
,insopportabile,in-sop-por-ta-bi-le
,provola,pro-vo-la
,buongusto,buon-gu-sto
,appendere,ap-pen-de-re
,sbarra,sbar-ra
,spalancare,spa-lan-ca-re
,teatro,te-a-tro
,mentire,men-ti-re
,invocare,in-vo-ca-re
,comico,co-mi-co
,ateo,a-te-o
,angoscia,an-go-scia
,malgrado,mal-gra-do
,conservare,con-ser-va-re
,merenda,me-ren-da
,allarme,al-lar-me
,autoscuola,au-to-scuo-la
,spaventoso,spa-ven-to-so
,paniere,pa-nie-re
,cretino,cre-ti-no
,blog,blog
,permanente,per-ma-nen-te
,attendere,at-ten-de-re
,disubbidienza,dis-ub-bi-dien-za
,interprete,in-ter-pre-te
,sudtirolese,su-d-ti-ro-le-se
,monarchica,mo-nar-chi-ca
,spargere,spar-ge-re
,enne,en-ne
,definitivo,de-fi-ni-ti-vo
,anulare,a-nu-la-re
,situare,si-tua-re
,affresco,af-fre-sco
,età,e-ta
,squisito,squi-si-to
,goal,go-al
,strage,stra-ge
,atomico,a-to-mi-co
,meridiano,me-ri-dia-no
,sopravvivenza,so-prav-vi-ven-za
,multare,mul-ta-re
,piazzare,piaz-za-re
,telefonino,te-le-fo-ni-no
,oculista,o-cu-li-sta
,crollare,crol-la-re
,cacciatore,cac-cia-to-re
,contemporaneo,con-tem-po-ra-ne-o
,venerdì,ve-ner-di
,mandato,man-da-to
,veste,ve-ste
,pasta,pa-sta
,bibbia,bib-bia
,giocare,gio-ca-re
,davvero,dav-ve-ro
,molisano,mo-li-sa-no
,dipinto,di-pin-to
,affamato,af-fa-ma-to
,fanciullo,fan-ciul-lo
,ridicolo,ri-di-co-lo
,scamorza,sca-mor-za
,muso,mu-so
,contemporaneamente,con-tem-po-ra-ne-a-men-te
,fastidio,fa-sti-dio
,birillo,bi-ril-lo
,diamante,dia-man-te
,coloro,co-lo-ro
,giugno,giu-gno
,parafulmine,pa-ra-ful-mi-ne
,affaticare,af-fa-ti-ca-re
,fungo,fun-go
,imbuto,im-bu-to
,segretaria,se-gre-ta-ria
,figlia,fi-glia
,bimbo,bim-bo
,esito,e-si-to
,zebra,ze-bra
,coccolare,coc-co-la-re
,probabilmente,pro-ba-bil-men-te
,richiudere,ri-chiu-de-re
,alunno,a-lun-no
,fantasia,fan-ta-sia
,umorismo,u-mo-ri-smo
,classifica,clas-si-fi-ca
,scherzoso,scher-zo-so
,vangelo,van-ge-lo
,cinque,cin-que
,scavo,sca-vo
,genetico,ge-ne-ti-co
,particolare,par-ti-co-la-re
,portoghese,por-to-ghe-se
,riuscire,riu-sci-re
,eroe,e-ro-e
,deformare,de-for-ma-re
,senza,sen-za
,patria,pa-tria
,elenco,e-len-co
,batteria,bat-te-ria
,solenne,so-len-ne
,esercitare,e-ser-ci-ta-re
,cliccare,clic-ca-re
,teologo,te-o-lo-go
,triestino,trie-sti-no
,maggiorenne,mag-gio-ren-ne
,fiero,fie-ro
,flash,fla-sh
,seta,se-ta
,portacipria,por-ta-ci-pria
,qualcuno,qual-cu-no
,dipendere,di-pen-de-re
,qualche,qual-che
,liscio,li-scio
,dodici,do-di-ci
,insetticida,in-set-ti-ci-da
,dormire,dor-mi-re
,bugiardo,bu-giar-do
,fidanzato,fi-dan-za-to
,sei,sei
,paio,pa-io
,cavare,ca-va-re
,democratico,de-mo-cra-ti-co
,preventivo,pre-ven-ti-vo
,mascherare,ma-sche-ra-re
,barbabietola,bar-ba-bie-to-la
,pianoforte,pia-no-for-te
,orlo,or-lo
,comandamento,co-man-da-men-to
,agricoltore,ag-ri-col-to-re
,linguaggio,lin-guag-gio
,roba,ro-ba
,spazzolare,spaz-zo-la-re
,australiano,au-stra-lia-no
,necessità,ne-ces-si-ta
,turismo,tu-ri-smo
,salvaslip,sal-va-slip
,impero,im-pe-ro
,prestazione,pre-sta-zio-ne
,piacevole,pia-ce-vo-le
,detective,de-te-c-ti-ve
,approfittare,ap-pro-fit-ta-re
,pazzesco,paz-ze-sco
,collina,col-li-na
,chiarezza,chia-rez-za
,maternità,ma-ter-ni-ta
,ministero,mi-ni-ste-ro
,motore,mo-to-re
,laureato,lau-re-a-to
,diffusione,dif-fu-sio-ne
,caratteristico,ca-rat-te-ri-sti-co
,dietro,die-tro
,assente,as-sen-te
,gasolio,ga-so-lio
,difendere,di-fen-de-re
,scontrare,scon-tra-re
,insolito,in-so-li-to
,adesione,a-de-sio-ne
,progettare,pro-get-ta-re
,aviazione,a-via-zio-ne
,acchiappare,ac-chiap-pa-re
,stoviglia,sto-vi-glia
,principessa,prin-ci-pes-sa
,provinciale,pro-vin-cia-le
,cominciare,co-min-cia-re
,nutrire,nu-tri-re
,disinfettare,dis-in-fet-ta-re
,abbasso,ab-bas-so
,esordio,e-sor-dio
,madrina,ma-dri-na
,palermitano,pa-ler-mi-ta-no
,rimprovero,rim-pro-ve-ro
,affinché,af-fin-che
,volata,vo-la-ta
,urbano,ur-ba-no
,tovaglia,to-va-glia
,sfruttare,sfrut-ta-re
,geometra,ge-o-me-tra
,gru,gru
,teatrale,te-a-tra-le
,vicolo,vi-co-lo
,alternativa,al-ter-na-ti-va
,geografo,ge-og-ra-fo
,alveare,al-ve-a-re
,pinzetta,pin-zet-ta
,rinascere,ri-na-sce-re
,compleanno,com-ple-an-no
,bravo,bra-vo
,cerino,ce-ri-no
,priorità,prio-ri-ta
,giudizio,giu-di-zio
,ottanta,ot-tan-ta
,ugualmente,u-gual-men-te
,volontario,vo-lon-ta-rio
,orbita,or-bi-ta
,disturbare,dis-tur-ba-re
,investire,in-ve-sti-re
,ostaggio,o-stag-gio
,maturare,ma-tu-ra-re
,confronto,con-fron-to
,spicciolo,spic-cio-lo
,chiesa,chie-sa
,magazzino,ma-gaz-zi-no
,religione,re-li-gio-ne
,innamorarsi,in-na-mo-rar-si
,amico,a-mi-co
,abitante,a-bi-tan-te
,costoso,co-sto-so
,sennò,sen-no
,sicché,sic-che
,sotterraneo,sot-ter-ra-ne-o
,documentario,do-cu-men-ta-rio
,berretto,ber-ret-to
,contorno,con-tor-no
,bacino,ba-ci-no
,pigro,pi-gro
,mancanza,man-can-za
,ceramica,ce-ra-mi-ca
,cometa,co-me-ta
,eliminare,e-li-mi-na-re
,tenerezza,te-ne-rez-za
,prevedibile,pre-ve-di-bi-le
,neretto,ne-ret-to
,normale,nor-mal-e
,lisbonese,li-sbo-ne-se
,nuovo,nuo-vo
,sequestrare,se-que-stra-re
,arare,a-ra-re
,profumato,pro-fu-ma-to
,agitazione,a-gi-ta-zio-ne
,panettiere,pa-net-tie-re
,bancario,ban-ca-rio
,scudo,scu-do
,sorcio,sor-cio
,capolavoro,ca-po-la-vo-ro
,soffrire,sof-fri-re
,popolazione,po-po-la-zio-ne
,bibita,bi-bi-ta
,scritta,scrit-ta
,nuoto,nuo-to
,stuzzicadenti,stuz-zi-ca-den-ti
,problematico,pro-ble-ma-ti-co
,modellare,mo-del-la-re
,incazzarsi,in-caz-zar-si
,figurare,fi-gu-ra-re
,obiezione,o-bie-zio-ne
,istruttore,i-strut-to-re
,negozio,ne-go-zio
,riproporre,ri-pro-por-re
,videogioco,vi-de-o-gio-co
,pizzicare,piz-zi-ca-re
,tragico,tra-gi-co
,alimentari,a-li-men-ta-ri
,beccare,bec-ca-re
,circondare,cir-con-da-re
,portafortuna,por-ta-for-tu-na
,spettatore,spet-ta-to-re
,risparmio,ri-spar-mio
,fattoria,fat-to-ria
,esempio,e-sem-pio
,occidentale,oc-ci-den-ta-le
,vagire,va-gi-re
,formaggio,for-mag-gio
,problema,pro-ble-ma
,salame,Clion S.p.A.
,orizzonte,o-riz-zon-te
,pettirosso,pet-ti-ros-so
,tinello,ti-nel-lo
,tranquillo,tran-quil-lo
,cura,cu-ra
,brasiliano,bra-si-lia-no
,penale,pe-na-le
,sciarpa,sciar-pa
,proprietà,pro-prie-ta
,contrabbandiere,con-trab-ban-die-re
,magnetico,ma-gne-ti-co
,indovinello,in-do-vi-nel-lo
,abbassare,ab-bas-sa-re
,affumicare,af-fu-mi-ca-re
,praticamente,pra-ti-ca-men-te
,candeliere,can-de-lie-re
,rompere,rom-pe-re
,porco,por-co
,colorato,co-lo-ra-to
,fionda,fion-da
,meglio,me-glio
,notizia,no-ti-zia
,custode,cu-sto-de
,creare,cre-a-re
,disattento,dis-at-ten-to
,quantità,quan-ti-ta
,titolo,ti-to-lo
,albicocca,al-bi-coc-ca
,unghia,un-ghia
,separazione,se-pa-ra-zio-ne
,contante,con-tan-te
,scatto,scat-to
,otto,ot-to
,armamento,ar-ma-men-to
,centroamericano,cen-tro-a-me-ri-ca-no
,grandioso,gran-dio-so
,delitto,de-lit-to
,bombola,bom-bo-la
,dattero,dat-te-ro
,paralisi,pa-ra-li-si
,chinare,chi-na-re
,selezionare,se-le-zio-na-re
,maniaco,ma-nia-co
,umido,u-mi-do
,parabrezza,pa-ra-brez-za
,gancio,gan-cio
,polemica,po-le-mi-ca
,generosità,ge-ne-ro-si-ta
,biografia,bio-gra-fia
,salatino,sa-la-ti-no
,gonfio,gon-fio
,digestione,di-ge-stio-ne
,valutazione,va-lu-ta-zio-ne
,spiegazione,spie-ga-zio-ne
,lacrima,la-cri-ma
,zanna,zan-na
,distrazione,dis-tra-zio-ne
,ripensamento,ri-pen-sa-men-to
,distrutto,dis-trut-to
,gironzolare,gi-ron-zo-la-re
,abbandonare,ab-ban-do-na-re
,libro,li-bro
,ateniese,a-te-nie-se
,ideologia,i-de-o-lo-gia
,supportare,sup-por-ta-re
,contagioso,con-ta-gio-so
,sequestro,se-que-stro
,burro,bur-ro
,umanità,u-ma-ni-ta
,piccone,pic-co-ne
,villa,vil-la
,musulmano,mu-sul-ma-no
,facilità,fa-ci-li-ta
,includere,in-clu-de-re
,produzione,pro-du-zio-ne
,stoffa,stof-fa
,sciroppo,sci-rop-po
,vocazione,vo-ca-zio-ne
,intervento,in-ter-ven-to
,drammatico,dram-ma-ti-co
,rateale,ra-te-a-le
,abbandonato,ab-ban-do-na-to
,lido,li-do
,iniziativa,i-ni-zia-ti-va
,elementare,e-le-men-ta-re
,eliminazione,e-li-mi-na-zio-ne
,anatra,a-na-tra
,affezionato,af-fe-zio-na-to
,trapezio,tra-pe-zio
,orgasmo,or-ga-smo
,saltellare,sal-tel-la-re
,limone,li-mo-ne
,forcina,for-ci-na
,tortellino,tor-tel-li-no
,ulteriore,ul-te-rio-re
,constatare,con-sta-ta-re
,ingannare,in-gan-na-re
,punizione,pu-ni-zio-ne
,base,ba-se
,strutturale,strut-tu-ra-le
,dondolare,don-do-la-re
,madre,ma-dre
,canzone,can-zo-ne
,sorprendente,sor-pren-den-te
,povertà,po-ver-ta
,percorso,per-cor-so
,magari,ma-ga-ri
,vario,va-rio
,ossigeno,os-si-ge-no
,ambientare,am-bien-ta-re
,concerto,con-cer-to
,colpire,col-pi-re
,sanguinare,san-gui-na-re
,imbrogliare,im-bro-glia-re
,moglie,mo-glie
,verifica,ve-ri-fi-ca
,natura,na-tu-ra
,insieme,in-sie-me
,infantile,in-fan-ti-le
,spaccatura,spac-ca-tu-ra
,veglia,ve-glia
